Time (sec), Commanded Roll (deg), Reported Roll (deg), Commanded Altitude MSL (m), Reported Altitude MSL (m), Latitude (deg), Longitude (deg)
0.015,0.0,0.0,0.0,0.0,0.0,0.0
0.031,0.0,0.0,0.0,0.0,0.0,0.0
0.062,0.0,0.0,0.0,0.0,0.0,0.0
0.109,0.0,0.0,0.0,0.0,0.0,0.0
0.14,0.0,0.0,0.0,0.0,0.0,0.0
0.171,0.0,0.0,0.0,0.0,0.0,0.0
0.203,0.0,0.0,0.0,0.0,0.0,0.0
0.234,0.0,0.0,0.0,0.0,0.0,0.0
0.265,0.0,0.0,0.0,0.0,0.0,0.0
0.296,0.0,0.0,0.0,0.0,0.0,0.0
0.328,0.0,0.0,0.0,0.0,0.0,0.0
0.359,0.0,0.0,0.0,0.0,0.0,0.0
0.39,0.0,0.0,0.0,0.0,0.0,0.0
0.421,0.0,0.0,0.0,0.0,0.0,0.0
0.453,0.0,0.0,0.0,0.0,0.0,0.0
0.484,0.0,0.0,0.0,0.0,0.0,0.0
0.515,0.0,0.0,0.0,0.0,0.0,0.0
0.541,0.0,0.0,0.0,0.0,0.0,0.0
0.574,0.0,0.0,0.0,0.0,0.0,0.0
0.605,0.0,0.0,0.0,0.0,0.0,0.0
0.637,0.0,0.0,0.0,0.0,0.0,0.0
0.668,0.0,0.0,0.0,0.0,0.0,0.0
0.699,0.0,0.0,0.0,0.0,0.0,0.0
0.73,0.0,0.0,0.0,0.0,0.0,0.0
0.762,0.0,0.0,0.0,0.0,0.0,0.0
0.793,0.0,0.0,0.0,0.0,0.0,0.0
0.824,0.0,0.0,0.0,0.0,0.0,0.0
0.855,0.0,0.0,0.0,0.0,0.0,0.0
0.887,0.0,0.0,0.0,0.0,0.0,0.0
0.918,0.0,0.0,0.0,0.0,0.0,0.0
0.949,0.0,0.0,0.0,0.0,0.0,0.0
0.98,0.0,0.0,0.0,0.0,0.0,0.0
1.012,0.0,0.0,0.0,0.0,0.0,0.0
1.043,0.0,0.0,0.0,0.0,0.0,0.0
1.074,0.0,0.0,0.0,0.0,0.0,0.0
1.105,0.0,0.0,0.0,0.0,0.0,0.0
1.137,0.0,0.0,0.0,0.0,0.0,0.0
1.168,0.0,0.0,0.0,0.0,0.0,0.0
1.199,0.0,0.0,0.0,0.0,0.0,0.0
1.23,0.0,0.0,0.0,0.0,0.0,0.0
1.262,0.0,0.0,0.0,0.0,0.0,0.0
1.293,0.0,0.0,0.0,0.0,0.0,0.0
1.324,0.0,0.0,0.0,0.0,0.0,0.0
1.355,0.0,0.0,0.0,0.0,0.0,0.0
1.387,0.0,0.0,0.0,0.0,0.0,0.0
1.418,0.0,0.0,0.0,0.0,0.0,0.0
1.683,0.0,0.0,0.0,0.0,0.0,0.0
1.715,0.0,0.0,0.0,0.0,0.0,0.0
1.746,0.0,0.0,0.0,0.0,0.0,0.0
1.771,0.0,0.0,0.0,0.0,0.0,0.0
1.796,0.0,0.0,0.0,0.0,0.0,0.0
1.831,0.0,0.0,0.0,0.0,0.0,0.0
1.862,0.0,0.0,0.0,0.0,0.0,0.0
1.893,0.0,0.0,0.0,0.0,0.0,0.0
1.924,0.0,0.0,0.0,0.0,0.0,0.0
1.956,0.0,0.0,0.0,0.0,0.0,0.0
1.987,0.0,0.0,0.0,0.0,0.0,0.0
2.018,0.0,0.0,0.0,0.0,0.0,0.0
2.049,0.0,0.0,0.0,0.0,0.0,0.0
2.081,0.0,0.0,0.0,0.0,0.0,0.0
2.112,0.0,0.0,0.0,0.0,0.0,0.0
2.143,0.0,0.0,0.0,0.0,0.0,0.0
2.174,0.0,0.0,0.0,0.0,0.0,0.0
2.206,0.0,0.0,0.0,0.0,0.0,0.0
2.237,0.0,0.0,0.0,0.0,0.0,0.0
2.268,0.0,0.0,0.0,0.0,0.0,0.0
2.299,0.0,0.0,0.0,0.0,0.0,0.0
2.331,0.0,0.0,0.0,0.0,0.0,0.0
2.362,0.0,0.0,0.0,0.0,0.0,0.0
2.393,0.0,0.0,0.0,0.0,0.0,0.0
2.424,0.0,0.0,0.0,0.0,0.0,0.0
2.456,0.0,0.0,0.0,0.0,0.0,0.0
2.487,0.0,0.0,0.0,0.0,0.0,0.0
2.518,0.0,0.0,0.0,0.0,0.0,0.0
2.554,0.0,0.0,0.0,0.0,0.0,0.0
2.585,0.0,0.0,0.0,0.0,0.0,0.0
2.617,0.0,0.0,0.0,0.0,0.0,0.0
2.648,0.0,0.0,0.0,0.0,0.0,0.0
2.679,0.0,0.0,0.0,0.0,0.0,0.0
2.71,0.0,0.0,0.0,0.0,0.0,0.0
2.742,0.0,0.0,0.0,0.0,0.0,0.0
2.773,0.0,0.0,0.0,0.0,0.0,0.0
2.804,0.0,0.0,0.0,0.0,0.0,0.0
2.835,0.0,0.0,0.0,0.0,0.0,0.0
2.867,0.0,0.0,0.0,0.0,0.0,0.0
2.898,0.0,0.0,0.0,0.0,0.0,0.0
2.929,0.0,0.0,0.0,0.0,0.0,0.0
2.96,0.0,0.0,0.0,0.0,0.0,0.0
2.992,0.0,0.0,0.0,0.0,0.0,0.0
3.023,0.0,0.0,0.0,0.0,0.0,0.0
3.054,0.0,0.0,0.0,0.0,0.0,0.0
3.085,0.0,0.0,0.0,0.0,0.0,0.0
3.117,0.0,0.0,0.0,0.0,0.0,0.0
3.148,0.0,0.0,0.0,0.0,0.0,0.0
3.179,0.0,0.0,0.0,0.0,0.0,0.0
3.21,0.0,0.0,0.0,0.0,0.0,0.0
3.242,0.0,0.0,0.0,0.0,0.0,0.0
3.273,0.0,0.0,0.0,0.0,0.0,0.0
3.304,0.0,0.0,0.0,0.0,0.0,0.0
3.335,0.0,0.0,0.0,0.0,0.0,0.0
3.367,0.0,0.0,0.0,0.0,0.0,0.0
3.398,0.0,0.0,0.0,0.0,0.0,0.0
3.429,0.0,0.0,0.0,0.0,0.0,0.0
3.46,0.0,0.0,0.0,0.0,0.0,0.0
3.492,0.0,0.0,0.0,0.0,0.0,0.0
3.523,0.0,0.0,0.0,0.0,0.0,0.0
3.548,0.0,0.0,0.0,0.0,0.0,0.0
3.585,0.0,0.0,0.0,0.0,0.0,0.0
3.616,0.0,0.0,0.0,0.0,0.0,0.0
3.647,0.0,0.0,0.0,0.0,0.0,0.0
3.678,0.0,0.0,0.0,0.0,0.0,0.0
3.71,0.0,0.0,0.0,0.0,0.0,0.0
3.735,0.0,0.0,0.0,0.0,0.0,0.0
3.766,0.0,0.0,0.0,0.0,0.0,0.0
3.797,0.0,0.0,0.0,0.0,0.0,0.0
3.828,0.0,0.0,0.0,0.0,0.0,0.0
3.86,0.0,0.0,0.0,0.0,0.0,0.0
3.891,0.0,0.0,0.0,0.0,0.0,0.0
3.922,0.0,0.0,0.0,0.0,0.0,0.0
3.953,0.0,0.0,0.0,0.0,0.0,0.0
3.985,0.0,0.0,0.0,0.0,0.0,0.0
4.019,0.0,0.0,0.0,0.0,0.0,0.0
4.044,0.0,0.0,0.0,0.0,0.0,0.0
4.069,0.0,0.0,0.0,0.0,0.0,0.0
4.094,0.0,0.0,0.0,0.0,0.0,0.0
4.119,0.0,0.0,0.0,0.0,0.0,0.0
4.144,0.0,0.0,0.0,0.0,0.0,0.0
4.169,0.0,0.0,0.0,0.0,0.0,0.0
4.194,0.0,0.0,0.0,0.0,0.0,0.0
4.219,0.0,0.0,0.0,0.0,0.0,0.0
4.244,0.0,0.0,0.0,0.0,0.0,0.0
4.27,0.0,0.0,0.0,0.0,0.0,0.0
4.295,0.0,0.0,0.0,0.0,0.0,0.0
4.32,0.0,0.0,0.0,0.0,0.0,0.0
4.345,0.0,0.0,0.0,0.0,0.0,0.0
4.37,0.0,0.0,0.0,0.0,0.0,0.0
4.395,0.0,0.0,0.0,0.0,0.0,0.0
4.42,0.0,0.0,0.0,0.0,0.0,0.0
4.445,0.0,0.0,0.0,0.0,0.0,0.0
4.47,0.0,0.0,0.0,0.0,0.0,0.0
4.495,0.0,0.0,0.0,0.0,0.0,0.0
4.521,0.0,0.0,0.0,0.0,0.0,0.0
4.546,0.0,0.0,0.0,0.0,0.0,0.0
4.582,0.0,0.0,0.0,0.0,0.0,0.0
4.613,0.0,0.0,0.0,0.0,0.0,0.0
4.645,0.0,0.0,0.0,0.0,0.0,0.0
4.676,0.0,0.0,0.0,0.0,0.0,0.0
4.707,0.0,0.0,0.0,0.0,0.0,0.0
4.738,0.0,0.0,0.0,0.0,0.0,0.0
4.77,0.0,0.0,0.0,0.0,0.0,0.0
4.801,0.0,0.0,0.0,0.0,0.0,0.0
4.832,0.0,0.0,0.0,0.0,0.0,0.0
4.863,0.0,0.0,0.0,0.0,0.0,0.0
4.895,0.0,0.0,0.0,0.0,0.0,0.0
4.926,0.0,0.0,0.0,0.0,0.0,0.0
4.957,0.0,0.0,0.0,0.0,0.0,0.0
4.988,0.0,0.0,0.0,0.0,0.0,0.0
5.02,0.0,0.0,0.0,0.0,0.0,0.0
5.051,0.0,0.0,0.0,0.0,0.0,0.0
5.082,0.0,0.0,0.0,0.0,0.0,0.0
5.113,0.0,0.0,0.0,0.0,0.0,0.0
5.145,0.0,0.0,0.0,0.0,0.0,0.0
5.176,0.0,0.0,0.0,0.0,0.0,0.0
5.207,0.0,0.0,0.0,0.0,0.0,0.0
5.238,0.0,0.0,0.0,0.0,0.0,0.0
5.27,0.0,0.0,0.0,0.0,0.0,0.0
5.301,0.0,0.0,0.0,0.0,0.0,0.0
5.332,0.0,0.0,0.0,0.0,0.0,0.0
5.363,0.0,0.0,0.0,0.0,0.0,0.0
5.395,0.0,0.0,0.0,0.0,0.0,0.0
5.426,0.0,0.0,0.0,0.0,0.0,0.0
5.457,0.0,0.0,0.0,0.0,0.0,0.0
5.488,0.0,0.0,0.0,0.0,0.0,0.0
5.52,0.0,0.0,0.0,0.0,0.0,0.0
5.551,0.0,0.0,0.0,0.0,0.0,0.0
5.582,0.0,0.0,0.0,0.0,0.0,0.0
5.613,0.0,0.0,0.0,0.0,0.0,0.0
5.645,0.0,0.0,0.0,0.0,0.0,0.0
5.676,0.0,0.0,0.0,0.0,0.0,0.0
5.707,0.0,0.0,0.0,0.0,0.0,0.0
5.738,0.0,0.0,0.0,0.0,0.0,0.0
5.764,0.0,0.0,0.0,0.0,0.0,0.0
5.8,0.0,0.0,0.0,0.0,0.0,0.0
5.831,0.0,0.0,0.0,0.0,0.0,0.0
5.863,0.0,0.0,0.0,0.0,0.0,0.0
5.894,0.0,0.0,0.0,0.0,0.0,0.0
5.925,0.0,0.0,0.0,0.0,0.0,0.0
5.956,0.0,0.0,0.0,0.0,0.0,0.0
5.988,0.0,0.0,0.0,0.0,0.0,0.0
6.019,0.0,0.0,0.0,0.0,0.0,0.0
6.079,0.0,0.0,0.0,0.0,0.0,0.0
6.104,0.0,0.0,0.0,0.0,0.0,0.0
6.129,0.0,0.0,0.0,0.0,0.0,0.0
6.154,0.0,0.0,0.0,0.0,0.0,0.0
6.179,0.0,0.0,0.0,0.0,0.0,0.0
6.204,0.0,0.0,0.0,0.0,0.0,0.0
6.229,0.0,0.0,0.0,0.0,0.0,0.0
6.254,0.0,0.0,0.0,0.0,0.0,0.0
6.279,0.0,0.0,0.0,0.0,0.0,0.0
6.304,0.0,0.0,0.0,0.0,0.0,0.0
6.329,0.0,0.0,0.0,0.0,0.0,0.0
6.354,0.0,0.0,0.0,0.0,0.0,0.0
6.379,0.0,0.0,0.0,0.0,0.0,0.0
6.404,0.0,0.0,0.0,0.0,0.0,0.0
6.429,0.0,0.0,0.0,0.0,0.0,0.0
6.454,0.0,0.0,0.0,0.0,0.0,0.0
6.479,0.0,0.0,0.0,0.0,0.0,0.0
6.504,0.0,0.0,0.0,0.0,0.0,0.0
6.529,0.0,0.0,0.0,0.0,0.0,0.0
6.555,0.0,0.0,0.0,0.0,0.0,0.0
6.58,0.0,0.0,0.0,0.0,0.0,0.0
6.605,0.0,0.0,0.0,0.0,0.0,0.0
6.63,0.0,0.0,0.0,0.0,0.0,0.0
6.655,0.0,0.0,0.0,0.0,0.0,0.0
6.68,0.0,0.0,0.0,0.0,0.0,0.0
6.705,0.0,0.0,0.0,0.0,0.0,0.0
6.73,0.0,0.0,0.0,0.0,0.0,0.0
6.755,0.0,0.0,0.0,0.0,0.0,0.0
6.78,0.0,0.0,0.0,0.0,0.0,0.0
6.805,0.0,0.0,0.0,0.0,0.0,0.0
6.83,0.0,0.0,0.0,0.0,0.0,0.0
6.855,0.0,0.0,0.0,0.0,0.0,0.0
6.88,0.0,0.0,0.0,0.0,0.0,0.0
6.905,0.0,0.0,0.0,0.0,0.0,0.0
6.93,0.0,0.0,0.0,0.0,0.0,0.0
6.955,0.0,0.0,0.0,0.0,0.0,0.0
6.98,0.0,0.0,0.0,0.0,0.0,0.0
7.005,0.0,0.0,0.0,0.0,0.0,0.0
7.031,0.0,0.0,0.0,0.0,0.0,0.0
7.071,0.0,0.0,0.0,0.0,0.0,0.0
7.102,0.0,0.0,0.0,0.0,0.0,0.0
7.134,0.0,0.0,0.0,0.0,0.0,0.0
7.165,0.0,0.0,0.0,0.0,0.0,0.0
7.196,0.0,0.0,0.0,0.0,0.0,0.0
7.227,0.0,0.0,0.0,0.0,0.0,0.0
7.259,0.0,0.0,0.0,0.0,0.0,0.0
7.29,0.0,0.0,0.0,0.0,0.0,0.0
7.321,0.0,0.0,0.0,0.0,0.0,0.0
7.352,0.0,0.0,0.0,0.0,0.0,0.0
7.384,0.0,0.0,0.0,0.0,0.0,0.0
7.415,0.0,0.0,0.0,0.0,0.0,0.0
7.446,0.0,0.0,0.0,0.0,0.0,0.0
7.477,0.0,0.0,0.0,0.0,0.0,0.0
7.509,0.0,0.0,0.0,0.0,0.0,0.0
7.546,0.0,0.0,0.0,0.0,0.0,0.0
7.571,0.0,0.0,0.0,0.0,0.0,0.0
7.597,0.0,0.0,0.0,0.0,0.0,0.0
7.622,0.0,0.0,0.0,0.0,0.0,0.0
7.647,0.0,0.0,0.0,0.0,0.0,0.0
7.672,0.0,0.0,0.0,0.0,0.0,0.0
7.698,0.0,0.0,0.0,0.0,0.0,0.0
7.723,0.0,0.0,0.0,0.0,0.0,0.0
7.748,0.0,0.0,0.0,0.0,0.0,0.0
7.774,0.0,0.0,0.0,0.0,0.0,0.0
7.799,0.0,0.0,0.0,0.0,0.0,0.0
7.824,0.0,0.0,0.0,0.0,0.0,0.0
7.849,0.0,0.0,0.0,0.0,0.0,0.0
7.874,0.0,0.0,0.0,0.0,0.0,0.0
7.899,0.0,0.0,0.0,0.0,0.0,0.0
7.924,0.0,0.0,0.0,0.0,0.0,0.0
7.949,0.0,0.0,0.0,0.0,0.0,0.0
7.974,0.0,0.0,0.0,0.0,0.0,0.0
7.999,0.0,0.0,0.0,0.0,0.0,0.0
8.024,0.0,0.0,0.0,0.0,0.0,0.0
8.049,0.0,0.0,0.0,0.0,0.0,0.0
8.082,0.0,0.0,0.0,0.0,0.0,0.0
8.113,0.0,0.0,0.0,0.0,0.0,0.0
8.238,0.0,0.0,0.0,0.0,0.0,0.0
8.269,0.0,0.0,0.0,0.0,0.0,0.0
8.3,0.0,0.0,0.0,0.0,0.0,0.0
8.332,0.0,0.0,0.0,0.0,0.0,0.0
8.363,0.0,0.0,0.0,0.0,0.0,0.0
8.394,0.0,0.0,0.0,0.0,0.0,0.0
8.425,0.0,0.0,0.0,0.0,0.0,0.0
8.457,0.0,0.0,0.0,0.0,0.0,0.0
8.488,0.0,0.0,0.0,0.0,0.0,0.0
8.519,0.0,0.0,0.0,0.0,0.0,0.0
8.546,0.0,0.0,0.0,0.0,0.0,0.0
8.577,0.0,0.0,0.0,0.0,0.0,0.0
8.603,0.0,0.0,0.0,0.0,0.0,0.0
8.628,0.0,0.0,0.0,0.0,0.0,0.0
8.653,0.0,0.0,0.0,0.0,0.0,0.0
8.678,0.0,0.0,0.0,0.0,0.0,0.0
8.703,0.0,0.0,0.0,0.0,0.0,0.0
8.729,0.0,0.0,0.0,0.0,0.0,0.0
8.754,0.0,0.0,0.0,0.0,0.0,0.0
8.779,0.0,0.0,0.0,0.0,0.0,0.0
8.804,0.0,0.0,0.0,0.0,0.0,0.0
8.829,0.0,0.0,0.0,0.0,0.0,0.0
8.855,0.0,0.0,0.0,0.0,0.0,0.0
8.88,0.0,0.0,0.0,0.0,0.0,0.0
8.905,0.0,0.0,0.0,0.0,0.0,0.0
8.93,0.0,0.0,0.0,0.0,0.0,0.0
8.955,0.0,0.0,0.0,0.0,0.0,0.0
8.98,0.0,0.0,0.0,0.0,0.0,0.0
9.005,0.0,0.0,0.0,0.0,0.0,0.0
9.03,0.0,0.0,0.0,0.0,0.0,0.0
9.055,0.0,0.0,0.0,0.0,0.0,0.0
9.096,0.0,0.0,0.0,0.0,0.0,0.0
9.127,0.0,0.0,0.0,0.0,0.0,0.0
9.158,0.0,0.0,0.0,0.0,0.0,0.0
9.189,0.0,0.0,0.0,0.0,0.0,0.0
9.221,0.0,0.0,0.0,0.0,0.0,0.0
9.252,0.0,0.0,0.0,0.0,0.0,0.0
9.283,0.0,0.0,0.0,0.0,0.0,0.0
9.314,0.0,0.0,0.0,0.0,0.0,0.0
9.346,0.0,0.0,0.0,0.0,0.0,0.0
9.377,0.0,0.0,0.0,0.0,0.0,0.0
9.408,0.0,0.0,0.0,0.0,0.0,0.0
9.439,0.0,0.0,0.0,0.0,0.0,0.0
9.471,0.0,0.0,0.0,0.0,0.0,0.0
9.502,0.0,0.0,0.0,0.0,0.0,0.0
9.527,0.0,0.0,0.0,0.0,0.0,0.0
9.559,0.0,0.0,0.0,0.0,0.0,0.0
9.591,0.0,0.0,0.0,0.0,0.0,0.0
9.622,0.0,0.0,0.0,0.0,0.0,0.0
9.653,0.0,0.0,0.0,0.0,0.0,0.0
9.684,0.0,0.0,0.0,0.0,0.0,0.0
9.716,0.0,0.0,0.0,0.0,0.0,0.0
9.741,0.0,0.0,0.0,0.0,0.0,0.0
9.771,0.0,0.0,0.0,0.0,0.0,0.0
9.803,0.0,0.0,0.0,0.0,0.0,0.0
9.834,0.0,0.0,0.0,0.0,0.0,0.0
9.865,0.0,0.0,0.0,0.0,0.0,0.0
9.896,0.0,0.0,0.0,0.0,0.0,0.0
9.928,0.0,0.0,0.0,0.0,0.0,0.0
9.959,0.0,0.0,0.0,0.0,0.0,0.0
9.99,0.0,0.0,0.0,0.0,0.0,0.0
10.021,0.0,0.0,0.0,0.0,0.0,0.0
10.053,0.0,0.0,0.0,0.0,0.0,0.0
10.084,0.0,0.0,0.0,0.0,0.0,0.0
10.109,0.0,0.0,0.0,0.0,0.0,0.0
10.134,0.0,0.0,0.0,0.0,0.0,0.0
10.159,0.0,0.0,0.0,0.0,0.0,0.0
10.184,0.0,0.0,0.0,0.0,0.0,0.0
10.209,0.0,0.0,0.0,0.0,0.0,0.0
10.235,0.0,0.0,0.0,0.0,0.0,0.0
10.261,0.0,0.0,0.0,0.0,0.0,0.0
10.286,0.0,0.0,0.0,0.0,0.0,0.0
10.311,0.0,0.0,0.0,0.0,0.0,0.0
10.336,0.0,0.0,0.0,0.0,0.0,0.0
10.362,0.0,0.0,0.0,0.0,0.0,0.0
10.387,0.0,0.0,0.0,0.0,0.0,0.0
10.413,0.0,0.0,0.0,0.0,0.0,0.0
10.438,0.0,0.0,0.0,0.0,0.0,0.0
10.463,0.0,0.0,0.0,0.0,0.0,0.0
10.488,0.0,0.0,0.0,0.0,0.0,0.0
10.513,0.0,0.0,0.0,0.0,0.0,0.0
10.538,0.0,0.0,0.0,0.0,0.0,0.0
10.563,0.0,0.0,0.0,0.0,0.0,0.0
10.603,0.0,0.0,0.0,0.0,0.0,0.0
10.634,0.0,0.0,0.0,0.0,0.0,0.0
10.665,0.0,0.0,0.0,0.0,0.0,0.0
10.696,0.0,0.0,0.0,0.0,0.0,0.0
10.728,0.0,0.0,0.0,0.0,0.0,0.0
10.753,0.0,0.0,0.0,0.0,0.0,0.0
10.788,0.0,0.0,0.0,0.0,0.0,0.0
10.819,0.0,0.0,0.0,0.0,0.0,0.0
10.85,0.0,0.0,0.0,0.0,0.0,0.0
10.882,0.0,0.0,0.0,0.0,0.0,0.0
10.913,0.0,0.0,0.0,0.0,0.0,0.0
10.944,0.0,0.0,0.0,0.0,0.0,0.0
10.975,0.0,0.0,0.0,0.0,0.0,0.0
11.007,0.0,0.0,0.0,0.0,0.0,0.0
11.038,0.0,0.0,0.0,0.0,0.0,0.0
11.069,0.0,0.0,0.0,0.0,0.0,0.0
11.1,0.0,0.0,0.0,0.0,0.0,0.0
11.132,0.0,0.0,0.0,0.0,0.0,0.0
11.163,0.0,0.0,0.0,0.0,0.0,0.0
11.194,0.0,0.0,0.0,0.0,0.0,0.0
11.225,0.0,0.0,0.0,0.0,0.0,0.0
11.257,0.0,0.0,0.0,0.0,0.0,0.0
11.288,0.0,0.0,0.0,0.0,0.0,0.0
11.319,0.0,0.0,0.0,0.0,0.0,0.0
11.35,0.0,0.0,0.0,0.0,0.0,0.0
11.382,0.0,0.0,0.0,0.0,0.0,0.0
11.413,0.0,0.0,0.0,0.0,0.0,0.0
11.444,0.0,0.0,0.0,0.0,0.0,0.0
11.475,0.0,0.0,0.0,0.0,0.0,0.0
11.507,0.0,0.0,0.0,0.0,0.0,0.0
11.538,0.0,0.0,0.0,0.0,0.0,0.0
11.569,0.0,0.0,0.0,0.0,0.0,0.0
11.6,0.0,0.0,0.0,0.0,0.0,0.0
11.632,0.0,0.0,0.0,0.0,0.0,0.0
11.663,0.0,0.0,0.0,0.0,0.0,0.0
11.694,0.0,0.0,0.0,0.0,0.0,0.0
11.725,0.0,0.0,0.0,0.0,0.0,0.0
11.757,0.0,0.0,0.0,0.0,0.0,0.0
11.788,0.0,0.0,0.0,0.0,0.0,0.0
11.819,0.0,0.0,0.0,0.0,0.0,0.0
11.85,0.0,0.0,0.0,0.0,0.0,0.0
11.882,0.0,0.0,0.0,0.0,0.0,0.0
11.913,0.0,0.0,0.0,0.0,0.0,0.0
11.944,0.0,0.0,0.0,0.0,0.0,0.0
11.975,0.0,0.0,0.0,0.0,0.0,0.0
12.007,0.0,0.0,0.0,0.0,0.0,0.0
12.038,0.0,0.0,0.0,0.0,0.0,0.0
12.069,0.0,0.0,0.0,0.0,0.0,0.0
12.1,0.0,0.0,0.0,0.0,0.0,0.0
12.132,0.0,0.0,0.0,0.0,0.0,0.0
12.163,0.0,0.0,0.0,0.0,0.0,0.0
12.194,0.0,0.0,0.0,0.0,0.0,0.0
12.225,0.0,0.0,0.0,0.0,0.0,0.0
12.257,0.0,0.0,0.0,0.0,0.0,0.0
12.288,0.0,0.0,0.0,0.0,0.0,0.0
12.319,0.0,0.0,0.0,0.0,0.0,0.0
12.35,0.0,0.0,0.0,0.0,0.0,0.0
12.382,0.0,0.0,0.0,0.0,0.0,0.0
12.413,0.0,0.0,0.0,0.0,0.0,0.0
12.444,0.0,0.0,0.0,0.0,0.0,0.0
12.475,0.0,0.0,0.0,0.0,0.0,0.0
12.507,0.0,0.0,0.0,0.0,0.0,0.0
12.537,0.0,0.0,0.0,0.0,0.0,0.0
12.568,0.0,0.0,0.0,0.0,0.0,0.0
12.599,0.0,0.0,0.0,0.0,0.0,0.0
12.63,0.0,0.0,0.0,0.0,0.0,0.0
12.662,0.0,0.0,0.0,0.0,0.0,0.0
12.693,0.0,0.0,0.0,0.0,0.0,0.0
12.724,0.0,0.0,0.0,0.0,0.0,0.0
12.75,0.0,0.0,0.0,0.0,0.0,0.0
12.79,0.0,0.0,0.0,0.0,0.0,0.0
12.821,0.0,0.0,0.0,0.0,0.0,0.0
12.853,0.0,0.0,0.0,0.0,0.0,0.0
12.884,0.0,0.0,0.0,0.0,0.0,0.0
12.915,0.0,0.0,0.0,0.0,0.0,0.0
12.946,0.0,0.0,0.0,0.0,0.0,0.0
12.978,0.0,0.0,0.0,0.0,0.0,0.0
13.009,0.0,0.0,0.0,0.0,0.0,0.0
13.04,0.0,0.0,0.0,0.0,0.0,0.0
13.071,0.0,0.0,0.0,0.0,0.0,0.0
13.103,0.0,0.0,0.0,0.0,0.0,0.0
13.134,0.0,0.0,0.0,0.0,0.0,0.0
13.165,0.0,0.0,0.0,0.0,0.0,0.0
13.196,0.0,0.0,0.0,0.0,0.0,0.0
13.228,0.0,0.0,0.0,0.0,0.0,0.0
13.259,0.0,0.0,0.0,0.0,0.0,0.0
13.29,0.0,0.0,0.0,0.0,0.0,0.0
13.321,0.0,0.0,0.0,0.0,0.0,0.0
13.353,0.0,0.0,0.0,0.0,0.0,0.0
13.384,0.0,0.0,0.0,0.0,0.0,0.0
13.415,0.0,0.0,0.0,0.0,0.0,0.0
13.446,0.0,0.0,0.0,0.0,0.0,0.0
13.478,0.0,0.0,0.0,0.0,0.0,0.0
13.509,0.0,0.0,0.0,0.0,0.0,0.0
13.54,0.0,0.0,0.0,0.0,0.0,0.0
13.571,0.0,0.0,0.0,0.0,0.0,0.0
13.603,0.0,0.0,0.0,0.0,0.0,0.0
13.634,0.0,0.0,0.0,0.0,0.0,0.0
13.665,0.0,0.0,0.0,0.0,0.0,0.0
13.696,0.0,0.0,0.0,0.0,0.0,0.0
13.728,0.0,0.0,0.0,0.0,0.0,0.0
13.753,0.0,0.0,0.0,0.0,0.0,0.0
13.789,0.0,0.0,0.0,0.0,0.0,0.0
13.82,0.0,0.0,0.0,0.0,0.0,0.0
13.852,0.0,0.0,0.0,0.0,0.0,0.0
13.883,0.0,0.0,0.0,0.0,0.0,0.0
13.914,0.0,0.0,0.0,0.0,0.0,0.0
13.945,0.0,0.0,0.0,0.0,0.0,0.0
13.976,0.0,0.0,0.0,0.0,0.0,0.0
14.008,0.0,0.0,0.0,0.0,0.0,0.0
14.039,0.0,0.0,0.0,0.0,0.0,0.0
14.07,0.0,0.0,0.0,0.0,0.0,0.0
14.101,0.0,0.0,0.0,0.0,0.0,0.0
14.133,0.0,0.0,0.0,0.0,0.0,0.0
14.164,0.0,0.0,0.0,0.0,0.0,0.0
14.195,0.0,0.0,0.0,0.0,0.0,0.0
14.227,0.0,0.0,0.0,0.0,0.0,0.0
14.258,0.0,0.0,0.0,0.0,0.0,0.0
14.289,0.0,0.0,0.0,0.0,0.0,0.0
14.32,0.0,0.0,0.0,0.0,0.0,0.0
14.351,0.0,0.0,0.0,0.0,0.0,0.0
14.383,0.0,0.0,0.0,0.0,0.0,0.0
14.414,0.0,0.0,0.0,0.0,0.0,0.0
14.445,0.0,0.0,0.0,0.0,0.0,0.0
14.476,0.0,0.0,0.0,0.0,0.0,0.0
14.508,0.0,0.0,0.0,0.0,0.0,0.0
14.541,0.0,0.0,0.0,0.0,0.0,0.0
14.572,0.0,0.0,0.0,0.0,0.0,0.0
14.604,0.0,0.0,0.0,0.0,0.0,0.0
14.635,0.0,0.0,0.0,0.0,0.0,0.0
14.666,0.0,0.0,0.0,0.0,0.0,0.0
14.697,0.0,0.0,0.0,0.0,0.0,0.0
14.729,0.0,0.0,0.0,0.0,0.0,0.0
14.76,0.0,0.0,0.0,0.0,0.0,0.0
14.791,0.0,0.0,0.0,0.0,0.0,0.0
14.822,0.0,0.0,0.0,0.0,0.0,0.0
14.854,0.0,0.0,0.0,0.0,0.0,0.0
14.885,0.0,0.0,0.0,0.0,0.0,0.0
14.916,0.0,0.0,0.0,0.0,0.0,0.0
14.947,0.0,0.0,0.0,0.0,0.0,0.0
14.979,0.0,0.0,0.0,0.0,0.0,0.0
15.01,0.0,0.0,0.0,0.0,0.0,0.0
15.041,0.0,0.0,0.0,0.0,0.0,0.0
15.072,0.0,0.0,0.0,0.0,0.0,0.0
15.104,0.0,0.0,0.0,0.0,0.0,0.0
15.135,0.0,0.0,0.0,0.0,0.0,0.0
15.166,0.0,0.0,0.0,0.0,0.0,0.0
15.197,0.0,0.0,0.0,0.0,0.0,0.0
15.229,0.0,0.0,0.0,0.0,0.0,0.0
15.26,0.0,0.0,0.0,0.0,0.0,0.0
15.291,0.0,0.0,0.0,0.0,0.0,0.0
15.322,0.0,0.0,0.0,0.0,0.0,0.0
15.354,0.0,0.0,0.0,0.0,0.0,0.0
15.385,0.0,0.0,0.0,0.0,0.0,0.0
15.416,0.0,0.0,0.0,0.0,0.0,0.0
15.447,0.0,0.0,0.0,0.0,0.0,0.0
15.479,0.0,0.0,0.0,0.0,0.0,0.0
15.51,0.0,0.0,0.0,0.0,0.0,0.0
15.541,0.0,0.0,0.0,0.0,0.0,0.0
15.572,0.0,0.0,0.0,0.0,0.0,0.0
15.604,0.0,0.0,0.0,0.0,0.0,0.0
15.635,0.0,0.0,0.0,0.0,0.0,0.0
15.666,0.0,0.0,0.0,0.0,0.0,0.0
15.697,0.0,0.0,0.0,0.0,0.0,0.0
15.729,0.0,0.0,0.0,0.0,0.0,0.0
15.754,0.0,0.0,0.0,0.0,0.0,0.0
15.792,0.0,0.0,0.0,0.0,0.0,0.0
15.823,0.0,0.0,0.0,0.0,0.0,0.0
15.854,0.0,0.0,0.0,0.0,0.0,0.0
15.886,0.0,0.0,0.0,0.0,0.0,0.0
15.917,0.0,0.0,0.0,0.0,0.0,0.0
15.948,0.0,0.0,0.0,0.0,0.0,0.0
15.979,0.0,0.0,0.0,0.0,0.0,0.0
16.011,0.0,0.0,0.0,0.0,0.0,0.0
16.042,0.0,0.0,0.0,0.0,0.0,0.0
16.073,0.0,0.0,0.0,0.0,0.0,0.0
16.104,0.0,0.0,0.0,0.0,0.0,0.0
16.136,0.0,0.0,0.0,0.0,0.0,0.0
16.167,0.0,0.0,0.0,0.0,0.0,0.0
16.193,0.0,0.0,0.0,0.0,0.0,0.0
16.218,0.0,0.0,0.0,0.0,0.0,0.0
16.243,0.0,0.0,0.0,0.0,0.0,0.0
16.268,0.0,0.0,0.0,0.0,0.0,0.0
16.294,0.0,0.0,0.0,0.0,0.0,0.0
16.319,0.0,0.0,0.0,0.0,0.0,0.0
16.345,0.0,0.0,0.0,0.0,0.0,0.0
16.37,0.0,0.0,0.0,0.0,0.0,0.0
16.395,0.0,0.0,0.0,0.0,0.0,0.0
16.42,0.0,0.0,0.0,0.0,0.0,0.0
16.445,0.0,0.0,0.0,0.0,0.0,0.0
16.471,0.0,0.0,0.0,0.0,0.0,0.0
16.497,0.0,0.0,0.0,0.0,0.0,0.0
16.522,0.0,0.0,0.0,0.0,0.0,0.0
16.547,0.0,0.0,0.0,0.0,0.0,0.0
16.573,0.0,0.0,0.0,0.0,0.0,0.0
16.598,0.0,0.0,0.0,0.0,0.0,0.0
16.623,0.0,0.0,0.0,0.0,0.0,0.0
16.648,0.0,0.0,0.0,0.0,0.0,0.0
16.674,0.0,0.0,0.0,0.0,0.0,0.0
16.699,0.0,0.0,0.0,0.0,0.0,0.0
16.725,0.0,0.0,0.0,0.0,0.0,0.0
16.75,0.0,0.0,0.0,0.0,0.0,0.0
16.775,0.0,0.0,0.0,0.0,0.0,0.0
16.8,0.0,0.0,0.0,0.0,0.0,0.0
16.825,0.0,0.0,0.0,0.0,0.0,0.0
16.851,0.0,0.0,0.0,0.0,0.0,0.0
16.877,0.0,0.0,0.0,0.0,0.0,0.0
16.902,0.0,0.0,0.0,0.0,0.0,0.0
16.927,0.0,0.0,0.0,0.0,0.0,0.0
16.952,0.0,0.0,0.0,0.0,0.0,0.0
16.977,0.0,0.0,0.0,0.0,0.0,0.0
17.002,0.0,0.0,0.0,0.0,0.0,0.0
17.027,0.0,0.0,0.0,0.0,0.0,0.0
17.053,0.0,0.0,0.0,0.0,0.0,0.0
17.078,0.0,0.0,0.0,0.0,0.0,0.0
17.103,0.0,0.0,0.0,0.0,0.0,0.0
17.129,0.0,0.0,0.0,0.0,0.0,0.0
17.154,0.0,0.0,0.0,0.0,0.0,0.0
17.184,0.0,0.0,0.0,0.0,0.0,0.0
17.21,0.0,0.0,0.0,0.0,0.0,0.0
17.235,0.0,0.0,0.0,0.0,0.0,0.0
17.26,0.0,0.0,0.0,0.0,0.0,0.0
17.286,0.0,0.0,0.0,0.0,0.0,0.0
17.311,0.0,0.0,0.0,0.0,0.0,0.0
17.337,0.0,0.0,0.0,0.0,0.0,0.0
17.362,0.0,0.0,0.0,0.0,0.0,0.0
17.387,0.0,0.0,0.0,0.0,0.0,0.0
17.413,0.0,0.0,0.0,0.0,0.0,0.0
17.439,0.0,0.0,0.0,0.0,0.0,0.0
17.464,0.0,0.0,0.0,0.0,0.0,0.0
17.49,0.0,0.0,0.0,0.0,0.0,0.0
17.515,0.0,0.0,0.0,0.0,0.0,0.0
17.54,0.0,0.0,0.0,0.0,0.0,0.0
17.565,0.0,0.0,0.0,0.0,0.0,0.0
17.591,0.0,0.0,0.0,0.0,0.0,0.0
17.616,0.0,0.0,0.0,0.0,0.0,0.0
17.641,0.0,0.0,0.0,0.0,0.0,0.0
17.667,0.0,0.0,0.0,0.0,0.0,0.0
17.703,0.0,0.0,0.0,0.0,0.0,0.0
17.729,0.0,0.0,0.0,0.0,0.0,0.0
17.754,0.0,0.0,0.0,0.0,0.0,0.0
17.779,0.0,0.0,0.0,0.0,0.0,0.0
17.804,0.0,0.0,0.0,0.0,0.0,0.0
17.829,0.0,0.0,0.0,0.0,0.0,0.0
17.855,0.0,0.0,0.0,0.0,0.0,0.0
17.881,0.0,0.0,0.0,0.0,0.0,0.0
17.907,0.0,0.0,0.0,0.0,0.0,0.0
17.932,0.0,0.0,0.0,0.0,0.0,0.0
17.957,0.0,0.0,0.0,0.0,0.0,0.0
17.993,0.0,0.0,0.0,0.0,0.0,0.0
18.024,0.0,0.0,0.0,0.0,0.0,0.0
18.055,0.0,0.0,0.0,0.0,0.0,0.0
18.086,0.0,0.0,0.0,0.0,0.0,0.0
18.118,0.0,0.0,0.0,0.0,0.0,0.0
18.149,0.0,0.0,0.0,0.0,0.0,0.0
18.18,0.0,0.0,0.0,0.0,0.0,0.0
18.211,0.0,0.0,0.0,0.0,0.0,0.0
18.243,0.0,0.0,0.0,0.0,0.0,0.0
18.274,0.0,0.0,0.0,0.0,0.0,0.0
18.3,0.0,0.0,0.0,0.0,0.0,0.0
18.325,0.0,0.0,0.0,0.0,0.0,0.0
18.35,0.0,0.0,0.0,0.0,0.0,0.0
18.375,0.0,0.0,0.0,0.0,0.0,0.0
18.4,0.0,0.0,0.0,0.0,0.0,0.0
18.426,0.0,0.0,0.0,0.0,0.0,0.0
18.451,0.0,0.0,0.0,0.0,0.0,0.0
18.476,0.0,0.0,0.0,0.0,0.0,0.0
18.501,0.0,0.0,0.0,0.0,0.0,0.0
18.526,0.0,0.0,0.0,0.0,0.0,0.0
18.552,0.0,0.0,0.0,0.0,0.0,0.0
18.578,0.0,0.0,0.0,0.0,0.0,0.0
18.604,0.0,0.0,0.0,0.0,0.0,0.0
18.629,0.0,0.0,0.0,0.0,0.0,0.0
18.654,0.0,0.0,0.0,0.0,0.0,0.0
18.68,0.0,0.0,0.0,0.0,0.0,0.0
18.706,0.0,0.0,0.0,0.0,0.0,0.0
18.732,0.0,0.0,0.0,0.0,0.0,0.0
18.757,0.0,0.0,0.0,0.0,0.0,0.0
18.782,0.0,0.0,0.0,0.0,0.0,0.0
18.811,0.0,0.0,0.0,0.0,0.0,0.0
18.842,0.0,0.0,0.0,0.0,0.0,0.0
18.873,0.0,0.0,0.0,0.0,0.0,0.0
18.905,0.0,0.0,0.0,0.0,0.0,0.0
18.936,0.0,0.0,0.0,0.0,0.0,0.0
18.967,0.0,0.0,0.0,0.0,0.0,0.0
18.999,0.0,0.0,0.0,0.0,0.0,0.0
19.03,0.0,0.0,0.0,0.0,0.0,0.0
19.057,0.0,0.0,0.0,0.0,0.0,0.0
19.089,0.0,0.0,0.0,0.0,0.0,0.0
19.128,0.0,0.0,0.0,0.0,0.0,0.0
19.16,0.0,0.0,0.0,0.0,0.0,0.0
19.191,0.0,0.0,0.0,0.0,0.0,0.0
19.222,0.0,0.0,0.0,0.0,0.0,0.0
19.253,0.0,0.0,0.0,0.0,0.0,0.0
19.285,0.0,0.0,0.0,0.0,0.0,0.0
19.316,0.0,0.0,0.0,0.0,0.0,0.0
19.342,0.0,0.0,0.0,0.0,0.0,0.0
19.367,0.0,0.0,0.0,0.0,0.0,0.0
19.392,0.0,0.0,0.0,0.0,0.0,0.0
19.417,0.0,0.0,0.0,0.0,0.0,0.0
19.445,0.0,0.0,0.0,0.0,0.0,0.0
19.476,0.0,0.0,0.0,0.0,0.0,0.0
19.507,0.0,0.0,0.0,0.0,0.0,0.0
19.538,0.0,0.0,0.0,0.0,0.0,0.0
19.57,0.0,0.0,0.0,0.0,0.0,0.0
19.601,0.0,0.0,0.0,0.0,0.0,0.0
19.632,0.0,0.0,0.0,0.0,0.0,0.0
19.663,0.0,0.0,0.0,0.0,0.0,0.0
19.695,0.0,0.0,0.0,0.0,0.0,0.0
19.726,0.0,0.0,0.0,0.0,0.0,0.0
19.751,0.0,0.0,0.0,0.0,0.0,0.0
19.778,0.0,0.0,0.0,0.0,0.0,0.0
19.809,0.0,0.0,0.0,0.0,0.0,0.0
19.841,0.0,0.0,0.0,0.0,0.0,0.0
19.872,0.0,0.0,0.0,0.0,0.0,0.0
19.903,0.0,0.0,0.0,0.0,0.0,0.0
19.934,0.0,0.0,0.0,0.0,0.0,0.0
19.966,0.0,0.0,0.0,0.0,0.0,0.0
19.997,0.0,0.0,0.0,0.0,0.0,0.0
20.028,0.0,0.0,0.0,0.0,0.0,0.0
20.059,0.0,0.0,0.0,0.0,0.0,0.0
20.085,0.0,0.0,0.0,0.0,0.0,0.0
20.118,0.0,0.0,0.0,0.0,0.0,0.0
20.149,0.0,0.0,0.0,0.0,0.0,0.0
20.18,0.0,0.0,0.0,0.0,0.0,0.0
20.211,0.0,0.0,0.0,0.0,0.0,0.0
20.243,0.0,0.0,0.0,0.0,0.0,0.0
20.274,0.0,0.0,0.0,0.0,0.0,0.0
20.305,0.0,0.0,0.0,0.0,0.0,0.0
20.336,0.0,0.0,0.0,0.0,0.0,0.0
20.368,0.0,0.0,0.0,0.0,0.0,0.0
20.399,0.0,0.0,0.0,0.0,0.0,0.0
20.43,0.0,0.0,0.0,0.0,0.0,0.0
20.461,0.0,0.0,0.0,0.0,0.0,0.0
20.493,0.0,0.0,0.0,0.0,0.0,0.0
20.524,0.0,0.0,0.0,0.0,0.0,0.0
20.555,0.0,0.0,0.0,0.0,0.0,0.0
20.586,0.0,0.0,0.0,0.0,0.0,0.0
20.618,0.0,0.0,0.0,0.0,0.0,0.0
20.649,0.0,0.0,0.0,0.0,0.0,0.0
20.68,0.0,0.0,0.0,0.0,0.0,0.0
20.711,0.0,0.0,0.0,0.0,0.0,0.0
20.743,0.0,0.0,0.0,0.0,0.0,0.0
20.774,0.0,0.0,0.0,0.0,0.0,0.0
20.805,0.0,0.0,0.0,0.0,0.0,0.0
20.836,0.0,0.0,0.0,0.0,0.0,0.0
20.868,0.0,0.0,0.0,0.0,0.0,0.0
20.899,0.0,0.0,0.0,0.0,0.0,0.0
20.93,0.0,0.0,0.0,0.0,0.0,0.0
20.961,0.0,0.0,0.0,0.0,0.0,0.0
20.993,0.0,0.0,0.0,0.0,0.0,0.0
21.024,0.0,0.0,0.0,0.0,0.0,0.0
21.055,0.0,0.0,0.0,0.0,0.0,0.0
21.086,0.0,0.0,0.0,0.0,0.0,0.0
21.118,0.0,0.0,0.0,0.0,0.0,0.0
21.149,0.0,0.0,0.0,0.0,0.0,0.0
21.18,0.0,0.0,0.0,0.0,0.0,0.0
21.211,0.0,0.0,0.0,0.0,0.0,0.0
21.243,0.0,0.0,0.0,0.0,0.0,0.0
21.274,0.0,0.0,0.0,0.0,0.0,0.0
21.305,0.0,0.0,0.0,0.0,0.0,0.0
21.336,0.0,0.0,0.0,0.0,0.0,0.0
21.368,0.0,0.0,0.0,0.0,0.0,0.0
21.399,0.0,0.0,0.0,0.0,0.0,0.0
21.43,0.0,0.0,0.0,0.0,0.0,0.0
21.461,0.0,0.0,0.0,0.0,0.0,0.0
21.493,0.0,0.0,0.0,0.0,0.0,0.0
21.524,0.0,0.0,0.0,0.0,0.0,0.0
21.557,0.0,0.0,0.0,0.0,0.0,0.0
21.588,0.0,0.0,0.0,0.0,0.0,0.0
21.619,0.0,0.0,0.0,0.0,0.0,0.0
21.65,0.0,0.0,0.0,0.0,0.0,0.0
21.682,0.0,0.0,0.0,0.0,0.0,0.0
21.713,0.0,0.0,0.0,0.0,0.0,0.0
21.739,0.0,0.0,0.0,0.0,0.0,0.0
21.765,0.0,0.0,0.0,0.0,0.0,0.0
21.79,0.0,0.0,0.0,0.0,0.0,0.0
21.815,0.0,0.0,0.0,0.0,0.0,0.0
21.84,0.0,0.0,0.0,0.0,0.0,0.0
21.866,0.0,0.0,0.0,0.0,0.0,0.0
21.891,0.0,0.0,0.0,0.0,0.0,0.0
21.916,0.0,0.0,0.0,0.0,0.0,0.0
21.942,0.0,0.0,0.0,0.0,0.0,0.0
21.968,0.0,0.0,0.0,0.0,0.0,0.0
21.993,0.0,0.0,0.0,0.0,0.0,0.0
22.018,0.0,0.0,0.0,0.0,0.0,0.0
22.043,0.0,0.0,0.0,0.0,0.0,0.0
22.068,0.0,0.0,0.0,0.0,0.0,0.0
22.094,0.0,0.0,0.0,0.0,0.0,0.0
22.119,0.0,0.0,0.0,0.0,0.0,0.0
22.144,0.0,0.0,0.0,0.0,0.0,0.0
22.169,0.0,0.0,0.0,0.0,0.0,0.0
22.194,0.0,0.0,0.0,0.0,0.0,0.0
22.229,0.0,0.0,0.0,0.0,0.0,0.0
22.26,0.0,0.0,0.0,0.0,0.0,0.0
22.291,0.0,0.0,0.0,0.0,0.0,0.0
22.322,0.0,0.0,0.0,0.0,0.0,0.0
22.354,0.0,0.0,0.0,0.0,0.0,0.0
22.385,0.0,0.0,0.0,0.0,0.0,0.0
22.416,0.0,0.0,0.0,0.0,0.0,0.0
22.447,0.0,0.0,0.0,0.0,0.0,0.0
22.479,0.0,0.0,0.0,0.0,0.0,0.0
22.51,0.0,0.0,0.0,0.0,0.0,0.0
22.541,0.0,0.0,0.0,0.0,0.0,0.0
22.572,0.0,0.0,0.0,0.0,0.0,0.0
22.604,0.0,0.0,0.0,0.0,0.0,0.0
22.635,0.0,0.0,0.0,0.0,0.0,0.0
22.666,0.0,0.0,0.0,0.0,0.0,0.0
22.697,0.0,0.0,0.0,0.0,0.0,0.0
22.729,0.0,0.0,0.0,0.0,0.0,0.0
22.754,0.0,0.0,0.0,0.0,0.0,0.0
22.78,0.0,0.0,0.0,0.0,0.0,0.0
22.812,0.0,0.0,0.0,0.0,0.0,0.0
22.843,0.0,0.0,0.0,0.0,0.0,0.0
22.874,0.0,0.0,0.0,0.0,0.0,0.0
22.905,0.0,0.0,0.0,0.0,0.0,0.0
22.937,0.0,0.0,0.0,0.0,0.0,0.0
22.968,0.0,0.0,0.0,0.0,0.0,0.0
22.999,0.0,0.0,0.0,0.0,0.0,0.0
23.03,0.0,0.0,0.0,0.0,0.0,0.0
23.062,0.0,0.0,0.0,0.0,0.0,0.0
23.093,0.0,0.0,0.0,0.0,0.0,0.0
23.124,0.0,0.0,0.0,0.0,0.0,0.0
23.155,0.0,0.0,0.0,0.0,0.0,0.0
23.187,0.0,0.0,0.0,0.0,0.0,0.0
23.218,0.0,0.0,0.0,0.0,0.0,0.0
23.249,0.0,0.0,0.0,0.0,0.0,0.0
23.28,0.0,0.0,0.0,0.0,0.0,0.0
23.312,0.0,0.0,0.0,0.0,0.0,0.0
23.343,0.0,0.0,0.0,0.0,0.0,0.0
23.374,0.0,0.0,0.0,0.0,0.0,0.0
23.405,0.0,0.0,0.0,0.0,0.0,0.0
23.437,0.0,0.0,0.0,0.0,0.0,0.0
23.468,0.0,0.0,0.0,0.0,0.0,0.0
23.499,0.0,0.0,0.0,0.0,0.0,0.0
23.53,0.0,0.0,0.0,0.0,0.0,0.0
23.562,0.0,0.0,0.0,0.0,0.0,0.0
23.593,0.0,0.0,0.0,0.0,0.0,0.0
23.624,0.0,0.0,0.0,0.0,0.0,0.0
23.655,0.0,0.0,0.0,0.0,0.0,0.0
23.687,0.0,0.0,0.0,0.0,0.0,0.0
23.718,0.0,0.0,0.0,0.0,0.0,0.0
23.749,0.0,0.0,0.0,0.0,0.0,0.0
23.78,0.0,0.0,0.0,0.0,0.0,0.0
23.812,0.0,0.0,0.0,0.0,0.0,0.0
23.843,0.0,0.0,0.0,0.0,0.0,0.0
23.874,0.0,0.0,0.0,0.0,0.0,0.0
23.905,0.0,0.0,0.0,0.0,0.0,0.0
23.937,0.0,0.0,0.0,0.0,0.0,0.0
23.968,0.0,0.0,0.0,0.0,0.0,0.0
23.999,0.0,0.0,0.0,0.0,0.0,0.0
24.03,0.0,0.0,0.0,0.0,0.0,0.0
24.062,0.0,0.0,0.0,0.0,0.0,0.0
24.093,0.0,0.0,0.0,0.0,0.0,0.0
24.124,0.0,0.0,0.0,0.0,0.0,0.0
24.155,0.0,0.0,0.0,0.0,0.0,0.0
24.187,0.0,0.0,0.0,0.0,0.0,0.0
24.218,0.0,0.0,0.0,0.0,0.0,0.0
24.249,0.0,0.0,0.0,0.0,0.0,0.0
24.28,0.0,0.0,0.0,0.0,0.0,0.0
24.312,0.0,0.0,0.0,0.0,0.0,0.0
24.343,0.0,0.0,0.0,0.0,0.0,0.0
24.374,0.0,0.0,0.0,0.0,0.0,0.0
24.405,0.0,0.0,0.0,0.0,0.0,0.0
24.437,0.0,0.0,0.0,0.0,0.0,0.0
24.468,0.0,0.0,0.0,0.0,0.0,0.0
24.499,0.0,0.0,0.0,0.0,0.0,0.0
24.524,0.0,0.0,0.0,0.0,0.0,0.0
24.558,0.0,0.0,0.0,0.0,0.0,0.0
24.589,0.0,0.0,0.0,0.0,0.0,0.0
24.62,0.0,0.0,0.0,0.0,0.0,0.0
24.651,0.0,0.0,0.0,0.0,0.0,0.0
24.683,0.0,0.0,0.0,0.0,0.0,0.0
24.714,0.0,0.0,0.0,0.0,0.0,0.0
24.739,0.0,0.0,0.0,0.0,0.0,0.0
24.764,0.0,0.0,0.0,0.0,0.0,0.0
24.789,0.0,0.0,0.0,0.0,0.0,0.0
24.815,0.0,0.0,0.0,0.0,0.0,0.0
24.84,0.0,0.0,0.0,0.0,0.0,0.0
24.865,0.0,0.0,0.0,0.0,0.0,0.0
24.891,0.0,0.0,0.0,0.0,0.0,0.0
24.916,0.0,0.0,0.0,0.0,0.0,0.0
24.941,0.0,0.0,0.0,0.0,0.0,0.0
24.967,0.0,0.0,0.0,0.0,0.0,0.0
24.993,0.0,0.0,0.0,0.0,0.0,0.0
25.018,0.0,0.0,0.0,0.0,0.0,0.0
25.043,0.0,0.0,0.0,0.0,0.0,0.0
25.068,0.0,0.0,0.0,0.0,0.0,0.0
25.093,0.0,0.0,0.0,0.0,0.0,0.0
25.118,0.0,0.0,0.0,0.0,0.0,0.0
25.143,0.0,0.0,0.0,0.0,0.0,0.0
25.168,0.0,0.0,0.0,0.0,0.0,0.0
25.193,0.0,0.0,0.0,0.0,0.0,0.0
25.218,0.0,0.0,0.0,0.0,0.0,0.0
25.25,0.0,0.0,0.0,0.0,0.0,0.0
25.282,0.0,0.0,0.0,0.0,0.0,0.0
25.313,0.0,0.0,0.0,0.0,0.0,0.0
25.344,0.0,0.0,0.0,0.0,0.0,0.0
25.375,0.0,0.0,0.0,0.0,0.0,0.0
25.407,0.0,0.0,0.0,0.0,0.0,0.0
25.438,0.0,0.0,0.0,0.0,0.0,0.0
25.469,0.0,0.0,0.0,0.0,0.0,0.0
25.5,0.0,0.0,0.0,0.0,0.0,0.0
25.526,0.0,0.0,0.0,0.0,0.0,0.0
25.558,0.0,0.0,0.0,0.0,0.0,0.0
25.589,0.0,0.0,0.0,0.0,0.0,0.0
25.62,0.0,0.0,0.0,0.0,0.0,0.0
25.651,0.0,0.0,0.0,0.0,0.0,0.0
25.683,0.0,0.0,0.0,0.0,0.0,0.0
25.714,0.0,0.0,0.0,0.0,0.0,0.0
25.739,0.0,0.0,0.0,0.0,0.0,0.0
25.764,0.0,0.0,0.0,0.0,0.0,0.0
25.789,0.0,0.0,0.0,0.0,0.0,0.0
25.814,0.0,0.0,0.0,0.0,0.0,0.0
25.839,0.0,0.0,0.0,0.0,0.0,0.0
25.864,0.0,0.0,0.0,0.0,0.0,0.0
25.889,0.0,0.0,0.0,0.0,0.0,0.0
25.915,0.0,0.0,0.0,0.0,0.0,0.0
25.94,0.0,0.0,0.0,0.0,0.0,0.0
25.966,0.0,0.0,0.0,0.0,0.0,0.0
25.992,0.0,0.0,0.0,0.0,0.0,0.0
26.017,0.0,0.0,0.0,0.0,0.0,0.0
26.042,0.0,0.0,0.0,0.0,0.0,0.0
26.067,0.0,0.0,0.0,0.0,0.0,0.0
26.093,0.0,0.0,0.0,0.0,0.0,0.0
26.118,0.0,0.0,0.0,0.0,0.0,0.0
26.144,0.0,0.0,0.0,0.0,0.0,0.0
26.169,0.0,0.0,0.0,0.0,0.0,0.0
26.195,0.0,0.0,0.0,0.0,0.0,0.0
26.22,0.0,0.0,0.0,0.0,0.0,0.0
26.251,0.0,0.0,0.0,0.0,0.0,0.0
26.283,0.0,0.0,0.0,0.0,0.0,0.0
26.314,0.0,0.0,0.0,0.0,0.0,0.0
26.345,0.0,0.0,0.0,0.0,0.0,0.0
26.376,0.0,0.0,0.0,0.0,0.0,0.0
26.408,0.0,0.0,0.0,0.0,0.0,0.0
26.439,0.0,0.0,0.0,0.0,0.0,0.0
26.47,0.0,0.0,0.0,0.0,0.0,0.0
26.501,0.0,0.0,0.0,0.0,0.0,0.0
26.54,0.0,0.0,0.0,0.0,0.0,0.0
26.571,0.0,0.0,0.0,0.0,0.0,0.0
26.602,0.0,0.0,0.0,0.0,0.0,0.0
26.634,0.0,0.0,0.0,0.0,0.0,0.0
26.665,0.0,0.0,0.0,0.0,0.0,0.0
26.696,0.0,0.0,0.0,0.0,0.0,0.0
26.727,0.0,0.0,0.0,0.0,0.0,0.0
26.752,0.0,0.0,0.0,0.0,0.0,0.0
26.778,0.0,0.0,0.0,0.0,0.0,0.0
26.803,0.0,0.0,0.0,0.0,0.0,0.0
26.829,0.0,0.0,0.0,0.0,0.0,0.0
26.854,0.0,0.0,0.0,0.0,0.0,0.0
26.88,0.0,0.0,0.0,0.0,0.0,0.0
26.905,0.0,0.0,0.0,0.0,0.0,0.0
26.931,0.0,0.0,0.0,0.0,0.0,0.0
26.956,0.0,0.0,0.0,0.0,0.0,0.0
26.982,0.0,0.0,0.0,0.0,0.0,0.0
27.007,0.0,0.0,0.0,0.0,0.0,0.0
27.032,0.0,0.0,0.0,0.0,0.0,0.0
27.058,0.0,0.0,0.0,0.0,0.0,0.0
27.083,0.0,0.0,0.0,0.0,0.0,0.0
27.109,0.0,0.0,0.0,0.0,0.0,0.0
27.134,0.0,0.0,0.0,0.0,0.0,0.0
27.159,0.0,0.0,0.0,0.0,0.0,0.0
27.184,0.0,0.0,0.0,0.0,0.0,0.0
27.211,0.0,0.0,0.0,0.0,0.0,0.0
27.236,0.0,0.0,0.0,0.0,0.0,0.0
27.268,0.0,0.0,0.0,0.0,0.0,0.0
27.3,0.0,0.0,0.0,0.0,0.0,0.0
27.331,0.0,0.0,0.0,0.0,0.0,0.0
27.362,0.0,0.0,0.0,0.0,0.0,0.0
27.393,0.0,0.0,0.0,0.0,0.0,0.0
27.425,0.0,0.0,0.0,0.0,0.0,0.0
27.456,0.0,0.0,0.0,0.0,0.0,0.0
27.487,0.0,0.0,0.0,0.0,0.0,0.0
27.518,0.0,0.0,0.0,0.0,0.0,0.0
27.554,0.0,0.0,0.0,0.0,0.0,0.0
27.586,0.0,0.0,0.0,0.0,0.0,0.0
27.617,0.0,0.0,0.0,0.0,0.0,0.0
27.648,0.0,0.0,0.0,0.0,0.0,0.0
27.679,0.0,0.0,0.0,0.0,0.0,0.0
27.711,0.0,0.0,0.0,0.0,0.0,0.0
27.736,0.0,0.0,0.0,0.0,0.0,0.0
27.761,0.0,0.0,0.0,0.0,0.0,0.0
27.787,0.0,0.0,0.0,0.0,0.0,0.0
27.812,0.0,0.0,0.0,0.0,0.0,0.0
27.837,0.0,0.0,0.0,0.0,0.0,0.0
27.862,0.0,0.0,0.0,0.0,0.0,0.0
27.887,0.0,0.0,0.0,0.0,0.0,0.0
27.912,0.0,0.0,0.0,0.0,0.0,0.0
27.937,0.0,0.0,0.0,0.0,0.0,0.0
27.962,0.0,0.0,0.0,0.0,0.0,0.0
27.987,0.0,0.0,0.0,0.0,0.0,0.0
28.012,0.0,0.0,0.0,0.0,0.0,0.0
28.037,0.0,0.0,0.0,0.0,0.0,0.0
28.062,0.0,0.0,0.0,0.0,0.0,0.0
28.087,0.0,0.0,0.0,0.0,0.0,0.0
28.112,0.0,0.0,0.0,0.0,0.0,0.0
28.137,0.0,0.0,0.0,0.0,0.0,0.0
28.162,0.0,0.0,0.0,0.0,0.0,0.0
28.187,0.0,0.0,0.0,0.0,0.0,0.0
28.212,0.0,0.0,0.0,0.0,0.0,0.0
28.237,0.0,0.0,0.0,0.0,0.0,0.0
28.269,0.0,0.0,0.0,0.0,0.0,0.0
28.3,0.0,0.0,0.0,0.0,0.0,0.0
28.331,0.0,0.0,0.0,0.0,0.0,0.0
28.362,0.0,0.0,0.0,0.0,0.0,0.0
28.394,0.0,0.0,0.0,0.0,0.0,0.0
28.425,0.0,0.0,0.0,0.0,0.0,0.0
28.456,0.0,0.0,0.0,0.0,0.0,0.0
28.487,0.0,0.0,0.0,0.0,0.0,0.0
28.519,0.0,0.0,0.0,0.0,0.0,0.0
28.555,0.0,0.0,0.0,0.0,0.0,0.0
28.586,0.0,0.0,0.0,0.0,0.0,0.0
28.617,0.0,0.0,0.0,0.0,0.0,0.0
28.648,0.0,0.0,0.0,0.0,0.0,0.0
28.68,0.0,0.0,0.0,0.0,0.0,0.0
28.711,0.0,0.0,0.0,0.0,0.0,0.0
28.736,0.0,0.0,0.0,0.0,0.0,0.0
28.761,0.0,0.0,0.0,0.0,0.0,0.0
28.787,0.0,0.0,0.0,0.0,0.0,0.0
28.812,0.0,0.0,0.0,0.0,0.0,0.0
28.837,0.0,0.0,0.0,0.0,0.0,0.0
28.862,0.0,0.0,0.0,0.0,0.0,0.0
28.887,0.0,0.0,0.0,0.0,0.0,0.0
28.912,0.0,0.0,0.0,0.0,0.0,0.0
28.937,0.0,0.0,0.0,0.0,0.0,0.0
28.963,0.0,0.0,0.0,0.0,0.0,0.0
28.988,0.0,0.0,0.0,0.0,0.0,0.0
29.013,0.0,0.0,0.0,0.0,0.0,0.0
29.038,0.0,0.0,0.0,0.0,0.0,0.0
29.064,0.0,0.0,0.0,0.0,0.0,0.0
29.089,0.0,0.0,0.0,0.0,0.0,0.0
29.114,0.0,0.0,0.0,0.0,0.0,0.0
29.139,0.0,0.0,0.0,0.0,0.0,0.0
29.164,0.0,0.0,0.0,0.0,0.0,0.0
29.189,0.0,0.0,0.0,0.0,0.0,0.0
29.214,0.0,0.0,0.0,0.0,0.0,0.0
29.254,0.0,0.0,0.0,0.0,0.0,0.0
29.285,0.0,0.0,0.0,0.0,0.0,0.0
29.316,0.0,0.0,0.0,0.0,0.0,0.0
29.347,0.0,0.0,0.0,0.0,0.0,0.0
29.379,0.0,0.0,0.0,0.0,0.0,0.0
29.41,0.0,0.0,0.0,0.0,0.0,0.0
29.441,0.0,0.0,0.0,0.0,0.0,0.0
29.472,0.0,0.0,0.0,0.0,0.0,0.0
29.504,0.0,0.0,0.0,0.0,0.0,0.0
29.529,0.0,0.0,0.0,0.0,0.0,0.0
29.565,0.0,0.0,0.0,0.0,0.0,0.0
29.597,0.0,0.0,0.0,0.0,0.0,0.0
29.628,0.0,0.0,0.0,0.0,0.0,0.0
29.659,0.0,0.0,0.0,0.0,0.0,0.0
29.69,0.0,0.0,0.0,0.0,0.0,0.0
29.722,0.0,0.0,0.0,0.0,0.0,0.0
29.747,0.0,0.0,0.0,0.0,0.0,0.0
29.772,0.0,0.0,0.0,0.0,0.0,0.0
29.797,0.0,0.0,0.0,0.0,0.0,0.0
29.822,0.0,0.0,0.0,0.0,0.0,0.0
29.847,0.0,0.0,0.0,0.0,0.0,0.0
29.872,0.0,0.0,0.0,0.0,0.0,0.0
29.897,0.0,0.0,0.0,0.0,0.0,0.0
29.922,0.0,0.0,0.0,0.0,0.0,0.0
29.947,0.0,0.0,0.0,0.0,0.0,0.0
29.972,0.0,0.0,0.0,0.0,0.0,0.0
29.997,0.0,0.0,0.0,0.0,0.0,0.0
30.022,0.0,0.0,0.0,0.0,0.0,0.0
30.047,0.0,0.0,0.0,0.0,0.0,0.0
30.072,0.0,0.0,0.0,0.0,0.0,0.0
30.097,0.0,0.0,0.0,0.0,0.0,0.0
30.122,0.0,0.0,0.0,0.0,0.0,0.0
30.147,0.0,0.0,0.0,0.0,0.0,0.0
30.172,0.0,0.0,0.0,0.0,0.0,0.0
30.197,0.0,0.0,0.0,0.0,0.0,0.0
30.222,0.0,0.0,0.0,0.0,0.0,0.0
30.254,0.0,0.0,0.0,0.0,0.0,0.0
30.285,0.0,0.0,0.0,0.0,0.0,0.0
30.317,0.0,0.0,0.0,0.0,0.0,0.0
30.348,0.0,0.0,0.0,0.0,0.0,0.0
30.379,0.0,0.0,0.0,0.0,0.0,0.0
30.41,0.0,0.0,0.0,0.0,0.0,0.0
30.442,0.0,0.0,0.0,0.0,0.0,0.0
30.473,0.0,0.0,0.0,0.0,0.0,0.0
30.504,0.0,0.0,0.0,0.0,0.0,0.0
30.54,0.0,0.0,0.0,0.0,0.0,0.0
30.571,0.0,0.0,0.0,0.0,0.0,0.0
30.602,0.0,0.0,0.0,0.0,0.0,0.0
30.633,0.0,0.0,0.0,0.0,0.0,0.0
30.665,0.0,0.0,0.0,0.0,0.0,0.0
30.696,0.0,0.0,0.0,0.0,0.0,0.0
30.727,0.0,0.0,0.0,0.0,0.0,0.0
30.758,0.0,0.0,0.0,0.0,0.0,0.0
30.79,0.0,0.0,0.0,0.0,0.0,0.0
30.821,0.0,0.0,0.0,0.0,0.0,0.0
30.852,0.0,0.0,0.0,0.0,0.0,0.0
30.883,0.0,0.0,0.0,0.0,0.0,0.0
30.915,0.0,0.0,0.0,0.0,0.0,0.0
30.946,0.0,0.0,0.0,0.0,0.0,0.0
30.977,0.0,0.0,0.0,0.0,0.0,0.0
31.008,0.0,0.0,0.0,0.0,0.0,0.0
31.04,0.0,0.0,0.0,0.0,0.0,0.0
31.071,0.0,0.0,0.0,0.0,0.0,0.0
31.102,0.0,0.0,0.0,0.0,0.0,0.0
31.133,0.0,0.0,0.0,0.0,0.0,0.0
31.165,0.0,0.0,0.0,0.0,0.0,0.0
31.196,0.0,0.0,0.0,0.0,0.0,0.0
31.227,0.0,0.0,0.0,0.0,0.0,0.0
31.258,0.0,0.0,0.0,0.0,0.0,0.0
31.29,0.0,0.0,0.0,0.0,0.0,0.0
31.321,0.0,0.0,0.0,0.0,0.0,0.0
31.352,0.0,0.0,0.0,0.0,0.0,0.0
31.383,0.0,0.0,0.0,0.0,0.0,0.0
31.415,0.0,0.0,0.0,0.0,0.0,0.0
31.446,0.0,0.0,0.0,0.0,0.0,0.0
31.477,0.0,0.0,0.0,0.0,0.0,0.0
31.508,0.0,0.0,0.0,0.0,0.0,0.0
31.54,0.0,0.0,0.0,0.0,0.0,0.0
31.571,0.0,0.0,0.0,0.0,0.0,0.0
31.602,0.0,0.0,0.0,0.0,0.0,0.0
31.633,0.0,0.0,0.0,0.0,0.0,0.0
31.665,0.0,0.0,0.0,0.0,0.0,0.0
31.696,0.0,0.0,0.0,0.0,0.0,0.0
31.727,0.0,0.0,0.0,0.0,0.0,0.0
31.753,0.0,0.0,0.0,0.0,0.0,0.0
31.778,0.0,0.0,0.0,0.0,0.0,0.0
31.803,0.0,0.0,0.0,0.0,0.0,0.0
31.828,0.0,0.0,0.0,0.0,0.0,0.0
31.853,0.0,0.0,0.0,0.0,0.0,0.0
31.878,0.0,0.0,0.0,0.0,0.0,0.0
31.903,0.0,0.0,0.0,0.0,0.0,0.0
31.928,0.0,0.0,0.0,0.0,0.0,0.0
31.953,0.0,0.0,0.0,0.0,0.0,0.0
31.978,0.0,0.0,0.0,0.0,0.0,0.0
32.003,0.0,0.0,0.0,0.0,0.0,0.0
32.028,0.0,0.0,0.0,0.0,0.0,0.0
32.053,0.0,0.0,0.0,0.0,0.0,0.0
32.078,0.0,0.0,0.0,0.0,0.0,0.0
32.103,0.0,0.0,0.0,0.0,0.0,0.0
32.128,0.0,0.0,0.0,0.0,0.0,0.0
32.153,0.0,0.0,0.0,0.0,0.0,0.0
32.178,0.0,0.0,0.0,0.0,0.0,0.0
32.203,0.0,0.0,0.0,0.0,0.0,0.0
32.228,0.0,0.0,0.0,0.0,0.0,0.0
32.26,0.0,0.0,0.0,0.0,0.0,0.0
32.291,0.0,0.0,0.0,0.0,0.0,0.0
32.322,0.0,0.0,0.0,0.0,0.0,0.0
32.353,0.0,0.0,0.0,0.0,0.0,0.0
32.385,0.0,0.0,0.0,0.0,0.0,0.0
32.416,0.0,0.0,0.0,0.0,0.0,0.0
32.447,0.0,0.0,0.0,0.0,0.0,0.0
32.478,0.0,0.0,0.0,0.0,0.0,0.0
32.51,0.0,0.0,0.0,0.0,0.0,0.0
32.541,0.0,0.0,0.0,0.0,0.0,0.0
32.572,0.0,0.0,0.0,0.0,0.0,0.0
32.603,0.0,0.0,0.0,0.0,0.0,0.0
32.635,0.0,0.0,0.0,0.0,0.0,0.0
32.666,0.0,0.0,0.0,0.0,0.0,0.0
32.697,0.0,0.0,0.0,0.0,0.0,0.0
32.728,0.0,0.0,0.0,0.0,0.0,0.0
32.754,0.0,0.0,0.0,0.0,0.0,0.0
32.779,0.0,0.0,0.0,0.0,0.0,0.0
32.804,0.0,0.0,0.0,0.0,0.0,0.0
32.829,0.0,0.0,0.0,0.0,0.0,0.0
32.854,0.0,0.0,0.0,0.0,0.0,0.0
32.88,0.0,0.0,0.0,0.0,0.0,0.0
32.905,0.0,0.0,0.0,0.0,0.0,0.0
32.93,0.0,0.0,0.0,0.0,0.0,0.0
32.955,0.0,0.0,0.0,0.0,0.0,0.0
32.98,0.0,0.0,0.0,0.0,0.0,0.0
33.005,0.0,0.0,0.0,0.0,0.0,0.0
33.03,0.0,0.0,0.0,0.0,0.0,0.0
33.055,0.0,0.0,0.0,0.0,0.0,0.0
33.08,0.0,0.0,0.0,0.0,0.0,0.0
33.105,0.0,0.0,0.0,0.0,0.0,0.0
33.13,0.0,0.0,0.0,0.0,0.0,0.0
33.155,0.0,0.0,0.0,0.0,0.0,0.0
33.18,0.0,0.0,0.0,0.0,0.0,0.0
33.206,0.0,0.0,0.0,0.0,0.0,0.0
33.231,0.0,0.0,0.0,0.0,0.0,0.0
33.256,0.0,0.0,0.0,0.0,0.0,0.0
33.281,0.0,0.0,0.0,0.0,0.0,0.0
33.306,0.0,0.0,0.0,0.0,0.0,0.0
33.331,0.0,0.0,0.0,0.0,0.0,0.0
33.356,0.0,0.0,0.0,0.0,0.0,0.0
33.381,0.0,0.0,0.0,0.0,0.0,0.0
33.406,0.0,0.0,0.0,0.0,0.0,0.0
33.431,0.0,0.0,0.0,0.0,0.0,0.0
33.456,0.0,0.0,0.0,0.0,0.0,0.0
33.481,0.0,0.0,0.0,0.0,0.0,0.0
33.506,0.0,0.0,0.0,0.0,0.0,0.0
33.531,0.0,0.0,0.0,0.0,0.0,0.0
33.556,0.0,0.0,0.0,0.0,0.0,0.0
33.581,0.0,0.0,0.0,0.0,0.0,0.0
33.606,0.0,0.0,0.0,0.0,0.0,0.0
33.632,0.0,0.0,0.0,0.0,0.0,0.0
33.657,0.0,0.0,0.0,0.0,0.0,0.0
33.682,0.0,0.0,0.0,0.0,0.0,0.0
33.707,0.0,0.0,0.0,0.0,0.0,0.0
33.732,0.0,0.0,0.0,0.0,0.0,0.0
33.757,0.0,0.0,0.0,0.0,0.0,0.0
33.782,0.0,0.0,0.0,0.0,0.0,0.0
33.807,0.0,0.0,0.0,0.0,0.0,0.0
33.832,0.0,0.0,0.0,0.0,0.0,0.0
33.857,0.0,0.0,0.0,0.0,0.0,0.0
33.882,0.0,0.0,0.0,0.0,0.0,0.0
33.907,0.0,0.0,0.0,0.0,0.0,0.0
33.932,0.0,0.0,0.0,0.0,0.0,0.0
33.957,0.0,0.0,0.0,0.0,0.0,0.0
33.982,0.0,0.0,0.0,0.0,0.0,0.0
34.007,0.0,0.0,0.0,0.0,0.0,0.0
34.032,0.0,0.0,0.0,0.0,0.0,0.0
34.057,0.0,0.0,0.0,0.0,0.0,0.0
34.082,0.0,0.0,0.0,0.0,0.0,0.0
34.107,0.0,0.0,0.0,0.0,0.0,0.0
34.132,0.0,0.0,0.0,0.0,0.0,0.0
34.157,0.0,0.0,0.0,0.0,0.0,0.0
34.182,0.0,0.0,0.0,0.0,0.0,0.0
34.207,0.0,0.0,0.0,0.0,0.0,0.0
34.232,0.0,0.0,0.0,0.0,0.0,0.0
34.257,0.0,0.0,0.0,0.0,0.0,0.0
34.282,0.0,0.0,0.0,0.0,0.0,0.0
34.307,0.0,0.0,0.0,0.0,0.0,0.0
34.332,0.0,0.0,0.0,0.0,0.0,0.0
34.357,0.0,0.0,0.0,0.0,0.0,0.0
34.382,0.0,0.0,0.0,0.0,0.0,0.0
34.407,0.0,0.0,0.0,0.0,0.0,0.0
34.432,0.0,0.0,0.0,0.0,0.0,0.0
34.457,0.0,0.0,0.0,0.0,0.0,0.0
34.482,0.0,0.0,0.0,0.0,0.0,0.0
34.507,0.0,0.0,0.0,0.0,0.0,0.0
34.532,0.0,0.0,0.0,0.0,0.0,0.0
34.557,0.0,0.0,0.0,0.0,0.0,0.0
34.582,0.0,0.0,0.0,0.0,0.0,0.0
34.607,0.0,0.0,0.0,0.0,0.0,0.0
34.632,0.0,0.0,0.0,0.0,0.0,0.0
34.657,0.0,0.0,0.0,0.0,0.0,0.0
34.682,0.0,0.0,0.0,0.0,0.0,0.0
34.707,0.0,0.0,0.0,0.0,0.0,0.0
34.732,0.0,0.0,0.0,0.0,0.0,0.0
34.757,0.0,0.0,0.0,0.0,0.0,0.0
34.782,0.0,0.0,0.0,0.0,0.0,0.0
34.807,0.0,0.0,0.0,0.0,0.0,0.0
34.832,0.0,0.0,0.0,0.0,0.0,0.0
34.857,0.0,0.0,0.0,0.0,0.0,0.0
34.882,0.0,0.0,0.0,0.0,0.0,0.0
34.907,0.0,0.0,0.0,0.0,0.0,0.0
34.932,0.0,0.0,0.0,0.0,0.0,0.0
34.957,0.0,0.0,0.0,0.0,0.0,0.0
34.982,0.0,0.0,0.0,0.0,0.0,0.0
35.007,0.0,0.0,0.0,0.0,0.0,0.0
35.032,0.0,0.0,0.0,0.0,0.0,0.0
35.058,0.0,0.0,0.0,0.0,0.0,0.0
35.083,0.0,0.0,0.0,0.0,0.0,0.0
35.108,0.0,0.0,0.0,0.0,0.0,0.0
35.133,0.0,0.0,0.0,0.0,0.0,0.0
35.158,0.0,0.0,0.0,0.0,0.0,0.0
35.183,0.0,0.0,0.0,0.0,0.0,0.0
35.208,0.0,0.0,0.0,0.0,0.0,0.0
35.247,0.0,0.0,0.0,0.0,0.0,0.0
35.272,0.0,0.0,0.0,0.0,0.0,0.0
35.297,0.0,0.0,0.0,0.0,0.0,0.0
35.322,0.0,0.0,0.0,0.0,0.0,0.0
35.347,0.0,0.0,0.0,0.0,0.0,0.0
35.372,0.0,0.0,0.0,0.0,0.0,0.0
35.397,0.0,0.0,0.0,0.0,0.0,0.0
35.422,0.0,0.0,0.0,0.0,0.0,0.0
35.447,0.0,0.0,0.0,0.0,0.0,0.0
35.472,0.0,0.0,0.0,0.0,0.0,0.0
35.497,0.0,0.0,0.0,0.0,0.0,0.0
35.522,0.0,0.0,0.0,0.0,0.0,0.0
35.547,0.0,0.0,0.0,0.0,0.0,0.0
35.572,0.0,0.0,0.0,0.0,0.0,0.0
35.597,0.0,0.0,0.0,0.0,0.0,0.0
35.622,0.0,0.0,0.0,0.0,0.0,0.0
35.647,0.0,0.0,0.0,0.0,0.0,0.0
35.672,0.0,0.0,0.0,0.0,0.0,0.0
35.697,0.0,0.0,0.0,0.0,0.0,0.0
35.722,0.0,0.0,0.0,0.0,0.0,0.0
35.747,0.0,0.0,0.0,0.0,0.0,0.0
35.772,0.0,0.0,0.0,0.0,0.0,0.0
35.797,0.0,0.0,0.0,0.0,0.0,0.0
35.822,0.0,0.0,0.0,0.0,0.0,0.0
35.847,0.0,0.0,0.0,0.0,0.0,0.0
35.872,0.0,0.0,0.0,0.0,0.0,0.0
35.897,0.0,0.0,0.0,0.0,0.0,0.0
35.922,0.0,0.0,0.0,0.0,0.0,0.0
35.947,0.0,0.0,0.0,0.0,0.0,0.0
35.972,0.0,0.0,0.0,0.0,0.0,0.0
35.997,0.0,0.0,0.0,0.0,0.0,0.0
36.022,0.0,0.0,0.0,0.0,0.0,0.0
36.047,0.0,0.0,0.0,0.0,0.0,0.0
36.072,0.0,0.0,0.0,0.0,0.0,0.0
36.097,0.0,0.0,0.0,0.0,0.0,0.0
36.122,0.0,0.0,0.0,0.0,0.0,0.0
36.147,0.0,0.0,0.0,0.0,0.0,0.0
36.172,0.0,0.0,0.0,0.0,0.0,0.0
36.197,0.0,0.0,0.0,0.0,0.0,0.0
36.222,0.0,0.0,0.0,0.0,0.0,0.0
36.247,0.0,0.0,0.0,0.0,0.0,0.0
36.272,0.0,0.0,0.0,0.0,0.0,0.0
36.297,0.0,0.0,0.0,0.0,0.0,0.0
36.322,0.0,0.0,0.0,0.0,0.0,0.0
36.347,0.0,0.0,0.0,0.0,0.0,0.0
36.373,0.0,0.0,0.0,0.0,0.0,0.0
36.398,0.0,0.0,0.0,0.0,0.0,0.0
36.423,0.0,0.0,0.0,0.0,0.0,0.0
36.448,0.0,0.0,0.0,0.0,0.0,0.0
36.474,0.0,0.0,0.0,0.0,0.0,0.0
36.499,0.0,0.0,0.0,0.0,0.0,0.0
36.524,0.0,0.0,0.0,0.0,0.0,0.0
36.549,0.0,0.0,0.0,0.0,0.0,0.0
36.574,0.0,0.0,0.0,0.0,0.0,0.0
36.6,0.0,0.0,0.0,0.0,0.0,0.0
36.626,0.0,0.0,0.0,0.0,0.0,0.0
36.651,0.0,0.0,0.0,0.0,0.0,0.0
36.676,0.0,0.0,0.0,0.0,0.0,0.0
36.701,0.0,0.0,0.0,0.0,0.0,0.0
36.726,0.0,0.0,0.0,0.0,0.0,0.0
36.752,0.0,0.0,0.0,0.0,0.0,0.0
36.777,0.0,0.0,0.0,0.0,0.0,0.0
36.803,0.0,0.0,0.0,0.0,0.0,0.0
36.828,0.0,0.0,0.0,0.0,0.0,0.0
36.854,0.0,0.0,0.0,0.0,0.0,0.0
36.879,0.0,0.0,0.0,0.0,0.0,0.0
36.904,0.0,0.0,0.0,0.0,0.0,0.0
36.929,0.0,0.0,0.0,0.0,0.0,0.0
36.954,0.0,0.0,0.0,0.0,0.0,0.0
36.979,0.0,0.0,0.0,0.0,0.0,0.0
37.005,0.0,0.0,0.0,0.0,0.0,0.0
37.03,0.0,0.0,0.0,0.0,0.0,0.0
37.056,0.0,0.0,0.0,0.0,0.0,0.0
37.082,0.0,0.0,0.0,0.0,0.0,0.0
37.107,0.0,0.0,0.0,0.0,0.0,0.0
37.132,0.0,0.0,0.0,0.0,0.0,0.0
37.157,0.0,0.0,0.0,0.0,0.0,0.0
37.182,0.0,0.0,0.0,0.0,0.0,0.0
37.207,0.0,0.0,0.0,0.0,0.0,0.0
37.232,0.0,0.0,0.0,0.0,0.0,0.0
37.258,0.0,0.0,0.0,0.0,0.0,0.0
37.283,0.0,0.0,0.0,0.0,0.0,0.0
37.309,0.0,0.0,0.0,0.0,0.0,0.0
37.334,0.0,0.0,0.0,0.0,0.0,0.0
37.359,0.0,0.0,0.0,0.0,0.0,0.0
37.384,0.0,0.0,0.0,0.0,0.0,0.0
37.41,0.0,0.0,0.0,0.0,0.0,0.0
37.435,0.0,0.0,0.0,0.0,0.0,0.0
37.46,0.0,0.0,0.0,0.0,0.0,0.0
37.485,0.0,0.0,0.0,0.0,0.0,0.0
37.51,0.0,0.0,0.0,0.0,0.0,0.0
37.535,0.0,0.0,0.0,0.0,0.0,0.0
37.56,0.0,0.0,0.0,0.0,0.0,0.0
37.585,0.0,0.0,0.0,0.0,0.0,0.0
37.61,0.0,0.0,0.0,0.0,0.0,0.0
37.635,0.0,0.0,0.0,0.0,0.0,0.0
37.661,0.0,0.0,0.0,0.0,0.0,0.0
37.686,0.0,0.0,0.0,0.0,0.0,0.0
37.712,0.0,0.0,0.0,0.0,0.0,0.0
37.737,0.0,0.0,0.0,0.0,0.0,0.0
37.762,0.0,0.0,0.0,0.0,0.0,0.0
37.788,0.0,0.0,0.0,0.0,0.0,0.0
37.813,0.0,0.0,0.0,0.0,0.0,0.0
37.838,0.0,0.0,0.0,0.0,0.0,0.0
37.863,0.0,0.0,0.0,0.0,0.0,0.0
37.888,0.0,0.0,0.0,0.0,0.0,0.0
37.914,0.0,0.0,0.0,0.0,0.0,0.0
37.939,0.0,0.0,0.0,0.0,0.0,0.0
37.965,0.0,0.0,0.0,0.0,0.0,0.0
37.991,0.0,0.0,0.0,0.0,0.0,0.0
38.019,0.0,0.0,0.0,0.0,0.0,0.0
38.044,0.0,0.0,0.0,0.0,0.0,0.0
38.069,0.0,0.0,0.0,0.0,0.0,0.0
38.094,0.0,0.0,0.0,0.0,0.0,0.0
38.119,0.0,0.0,0.0,0.0,0.0,0.0
38.145,0.0,0.0,0.0,0.0,0.0,0.0
38.17,0.0,0.0,0.0,0.0,0.0,0.0
38.195,0.0,0.0,0.0,0.0,0.0,0.0
38.221,0.0,0.0,0.0,0.0,0.0,0.0
38.246,0.0,0.0,0.0,0.0,0.0,0.0
38.271,0.0,0.0,0.0,0.0,0.0,0.0
38.296,0.0,0.0,0.0,0.0,0.0,0.0
38.322,0.0,0.0,0.0,0.0,0.0,0.0
38.347,0.0,0.0,0.0,0.0,0.0,0.0
38.372,0.0,0.0,0.0,0.0,0.0,0.0
38.404,0.0,0.0,0.0,0.0,0.0,0.0
38.429,0.0,0.0,0.0,0.0,0.0,0.0
38.454,0.0,0.0,0.0,0.0,0.0,0.0
38.479,0.0,0.0,0.0,0.0,0.0,0.0
38.504,0.0,0.0,0.0,0.0,0.0,0.0
38.529,0.0,0.0,0.0,0.0,0.0,0.0
38.554,0.0,0.0,0.0,0.0,0.0,0.0
38.579,0.0,0.0,0.0,0.0,0.0,0.0
38.604,0.0,0.0,0.0,0.0,0.0,0.0
38.63,0.0,0.0,0.0,0.0,0.0,0.0
38.659,0.0,0.0,0.0,0.0,0.0,0.0
38.684,0.0,0.0,0.0,0.0,0.0,0.0
38.71,0.0,0.0,0.0,0.0,0.0,0.0
38.736,0.0,0.0,0.0,0.0,0.0,0.0
38.761,0.0,0.0,0.0,0.0,0.0,0.0
38.786,0.0,0.0,0.0,0.0,0.0,0.0
38.811,0.0,0.0,0.0,0.0,0.0,0.0
38.836,0.0,0.0,0.0,0.0,0.0,0.0
38.862,0.0,0.0,0.0,0.0,0.0,0.0
38.888,0.0,0.0,0.0,0.0,0.0,0.0
38.913,0.0,0.0,0.0,0.0,0.0,0.0
38.938,0.0,0.0,0.0,0.0,0.0,0.0
38.964,0.0,0.0,0.0,0.0,0.0,0.0
38.99,0.0,0.0,0.0,0.0,0.0,0.0
39.015,0.0,0.0,0.0,0.0,0.0,0.0
39.04,0.0,0.0,0.0,0.0,0.0,0.0
39.065,0.0,0.0,0.0,0.0,0.0,0.0
39.09,0.0,0.0,0.0,0.0,0.0,0.0
39.115,0.0,0.0,0.0,0.0,0.0,0.0
39.14,0.0,0.0,0.0,0.0,0.0,0.0
39.165,0.0,0.0,0.0,0.0,0.0,0.0
39.191,0.0,0.0,0.0,0.0,0.0,0.0
39.216,0.0,0.0,0.0,0.0,0.0,0.0
39.241,0.0,0.0,0.0,0.0,0.0,0.0
39.266,0.0,0.0,0.0,0.0,0.0,0.0
39.292,0.0,0.0,0.0,0.0,0.0,0.0
39.317,0.0,0.0,0.0,0.0,0.0,0.0
39.342,0.0,0.0,0.0,0.0,0.0,0.0
39.368,0.0,0.0,0.0,0.0,0.0,0.0
39.393,0.0,0.0,0.0,0.0,0.0,0.0
39.418,0.0,0.0,0.0,0.0,0.0,0.0
39.443,0.0,0.0,0.0,0.0,0.0,0.0
39.469,0.0,0.0,0.0,0.0,0.0,0.0
39.494,0.0,0.0,0.0,0.0,0.0,0.0
39.519,0.0,0.0,0.0,0.0,0.0,0.0
39.544,0.0,0.0,0.0,0.0,0.0,0.0
39.57,0.0,0.0,0.0,0.0,0.0,0.0
39.595,0.0,0.0,0.0,0.0,0.0,0.0
39.62,0.0,0.0,0.0,0.0,0.0,0.0
39.645,0.0,0.0,0.0,0.0,0.0,0.0
39.671,0.0,0.0,0.0,0.0,0.0,0.0
39.696,0.0,0.0,0.0,0.0,0.0,0.0
39.721,0.0,0.0,0.0,0.0,0.0,0.0
39.746,0.0,0.0,0.0,0.0,0.0,0.0
39.771,0.0,0.0,0.0,0.0,0.0,0.0
39.796,0.0,0.0,0.0,0.0,0.0,0.0
39.821,0.0,0.0,0.0,0.0,0.0,0.0
39.846,0.0,0.0,0.0,0.0,0.0,0.0
39.871,0.0,0.0,0.0,0.0,0.0,0.0
39.896,0.0,0.0,0.0,0.0,0.0,0.0
39.921,0.0,0.0,0.0,0.0,0.0,0.0
39.946,0.0,0.0,0.0,0.0,0.0,0.0
39.971,0.0,0.0,0.0,0.0,0.0,0.0
39.996,0.0,0.0,0.0,0.0,0.0,0.0
40.021,0.0,0.0,0.0,0.0,0.0,0.0
40.046,0.0,0.0,0.0,0.0,0.0,0.0
40.071,0.0,0.0,0.0,0.0,0.0,0.0
40.096,0.0,0.0,0.0,0.0,0.0,0.0
40.121,0.0,0.0,0.0,0.0,0.0,0.0
40.146,0.0,0.0,0.0,0.0,0.0,0.0
40.171,0.0,0.0,0.0,0.0,0.0,0.0
40.196,0.0,0.0,0.0,0.0,0.0,0.0
40.221,0.0,0.0,0.0,0.0,0.0,0.0
40.246,0.0,0.0,0.0,0.0,0.0,0.0
40.271,0.0,0.0,0.0,0.0,0.0,0.0
40.296,0.0,0.0,0.0,0.0,0.0,0.0
40.321,0.0,0.0,0.0,0.0,0.0,0.0
40.346,0.0,0.0,0.0,0.0,0.0,0.0
40.371,0.0,0.0,0.0,0.0,0.0,0.0
40.396,0.0,0.0,0.0,0.0,0.0,0.0
40.422,0.0,0.0,0.0,0.0,0.0,0.0
40.448,0.0,0.0,0.0,0.0,0.0,0.0
40.473,0.0,0.0,0.0,0.0,0.0,0.0
40.498,0.0,0.0,0.0,0.0,0.0,0.0
40.523,0.0,0.0,0.0,0.0,0.0,0.0
40.548,0.0,0.0,0.0,0.0,0.0,0.0
40.573,0.0,0.0,0.0,0.0,0.0,0.0
40.598,0.0,0.0,0.0,0.0,0.0,0.0
40.623,0.0,0.0,0.0,0.0,0.0,0.0
40.648,0.0,0.0,0.0,0.0,0.0,0.0
40.673,0.0,0.0,0.0,0.0,0.0,0.0
40.698,0.0,0.0,0.0,0.0,0.0,0.0
40.723,0.0,0.0,0.0,0.0,0.0,0.0
40.749,0.0,0.0,0.0,0.0,0.0,0.0
40.774,0.0,0.0,0.0,0.0,0.0,0.0
40.799,0.0,0.0,0.0,0.0,0.0,0.0
40.824,0.0,0.0,0.0,0.0,0.0,0.0
40.849,0.0,0.0,0.0,0.0,0.0,0.0
40.874,0.0,0.0,0.0,0.0,0.0,0.0
40.899,0.0,0.0,0.0,0.0,0.0,0.0
40.924,0.0,0.0,0.0,0.0,0.0,0.0
40.95,0.0,0.0,0.0,0.0,0.0,0.0
40.975,0.0,0.0,0.0,0.0,0.0,0.0
41.0,0.0,0.0,0.0,0.0,0.0,0.0
41.025,0.0,0.0,0.0,0.0,0.0,0.0
41.05,0.0,0.0,0.0,0.0,0.0,0.0
41.075,0.0,0.0,0.0,0.0,0.0,0.0
41.1,0.0,0.0,0.0,0.0,0.0,0.0
41.125,0.0,0.0,0.0,0.0,0.0,0.0
41.151,0.0,0.0,0.0,0.0,0.0,0.0
41.177,0.0,0.0,0.0,0.0,0.0,0.0
41.203,0.0,0.0,0.0,0.0,0.0,0.0
41.228,0.0,0.0,0.0,0.0,0.0,0.0
41.253,0.0,0.0,0.0,0.0,0.0,0.0
41.278,0.0,0.0,0.0,0.0,0.0,0.0
41.303,0.0,0.0,0.0,0.0,0.0,0.0
41.328,0.0,0.0,0.0,0.0,0.0,0.0
41.353,0.0,0.0,0.0,0.0,0.0,0.0
41.378,0.0,0.0,0.0,0.0,0.0,0.0
41.403,0.0,0.0,0.0,0.0,0.0,0.0
41.428,0.0,0.0,0.0,0.0,0.0,0.0
41.453,0.0,0.0,0.0,0.0,0.0,0.0
41.478,0.0,0.0,0.0,0.0,0.0,0.0
41.503,0.0,0.0,0.0,0.0,0.0,0.0
41.528,0.0,0.0,0.0,0.0,0.0,0.0
41.553,0.0,0.0,0.0,0.0,0.0,0.0
41.578,0.0,0.0,0.0,0.0,0.0,0.0
41.603,0.0,0.0,0.0,0.0,0.0,0.0
41.628,0.0,0.0,0.0,0.0,0.0,0.0
41.653,0.0,0.0,0.0,0.0,0.0,0.0
41.678,0.0,0.0,0.0,0.0,0.0,0.0
41.703,0.0,0.0,0.0,0.0,0.0,0.0
41.728,0.0,0.0,0.0,0.0,0.0,0.0
41.753,0.0,0.0,0.0,0.0,0.0,0.0
41.778,0.0,0.0,0.0,0.0,0.0,0.0
41.803,0.0,0.0,0.0,0.0,0.0,0.0
41.828,0.0,0.0,0.0,0.0,0.0,0.0
41.853,0.0,0.0,0.0,0.0,0.0,0.0
41.878,0.0,0.0,0.0,0.0,0.0,0.0
41.903,0.0,0.0,0.0,0.0,0.0,0.0
41.928,0.0,0.0,0.0,0.0,0.0,0.0
41.953,0.0,0.0,0.0,0.0,0.0,0.0
41.978,0.0,0.0,0.0,0.0,0.0,0.0
42.003,0.0,0.0,0.0,0.0,0.0,0.0
42.028,0.0,0.0,0.0,0.0,0.0,0.0
42.053,0.0,0.0,0.0,0.0,0.0,0.0
42.078,0.0,0.0,0.0,0.0,0.0,0.0
42.103,0.0,0.0,0.0,0.0,0.0,0.0
42.128,0.0,0.0,0.0,0.0,0.0,0.0
42.153,0.0,0.0,0.0,0.0,0.0,0.0
42.178,0.0,0.0,0.0,0.0,0.0,0.0
42.203,0.0,0.0,0.0,0.0,0.0,0.0
42.228,0.0,0.0,0.0,0.0,0.0,0.0
42.253,0.0,0.0,0.0,0.0,0.0,0.0
42.278,0.0,0.0,0.0,0.0,0.0,0.0
42.303,0.0,0.0,0.0,0.0,0.0,0.0
42.328,0.0,0.0,0.0,0.0,0.0,0.0
42.353,0.0,0.0,0.0,0.0,0.0,0.0
42.378,0.0,0.0,0.0,0.0,0.0,0.0
42.403,0.0,0.0,0.0,0.0,0.0,0.0
42.429,0.0,0.0,0.0,0.0,0.0,0.0
42.454,0.0,0.0,0.0,0.0,0.0,0.0
42.479,0.0,0.0,0.0,0.0,0.0,0.0
42.505,0.0,0.0,0.0,0.0,0.0,0.0
42.53,0.0,0.0,0.0,0.0,0.0,0.0
42.555,0.0,0.0,0.0,0.0,0.0,0.0
42.58,0.0,0.0,0.0,0.0,0.0,0.0
42.605,0.0,0.0,0.0,0.0,0.0,0.0
42.63,0.0,0.0,0.0,0.0,0.0,0.0
42.655,0.0,0.0,0.0,0.0,0.0,0.0
42.68,0.0,0.0,0.0,0.0,0.0,0.0
42.705,0.0,0.0,0.0,0.0,0.0,0.0
42.73,0.0,0.0,0.0,0.0,0.0,0.0
42.755,0.0,0.0,0.0,0.0,0.0,0.0
42.78,0.0,0.0,0.0,0.0,0.0,0.0
42.805,0.0,0.0,0.0,0.0,0.0,0.0
42.83,0.0,0.0,0.0,0.0,0.0,0.0
42.855,0.0,0.0,0.0,0.0,0.0,0.0
42.88,0.0,0.0,0.0,0.0,0.0,0.0
42.905,0.0,0.0,0.0,0.0,0.0,0.0
42.93,0.0,0.0,0.0,0.0,0.0,0.0
42.955,0.0,0.0,0.0,0.0,0.0,0.0
42.98,0.0,0.0,0.0,0.0,0.0,0.0
43.005,0.0,0.0,0.0,0.0,0.0,0.0
43.03,0.0,0.0,0.0,0.0,0.0,0.0
43.055,0.0,0.0,0.0,0.0,0.0,0.0
43.08,0.0,0.0,0.0,0.0,0.0,0.0
43.105,0.0,0.0,0.0,0.0,0.0,0.0
43.131,0.0,0.0,0.0,0.0,0.0,0.0
43.156,0.0,0.0,0.0,0.0,0.0,0.0
43.181,0.0,0.0,0.0,0.0,0.0,0.0
43.206,0.0,0.0,0.0,0.0,0.0,0.0
43.231,0.0,0.0,0.0,0.0,0.0,0.0
43.256,0.0,0.0,0.0,0.0,0.0,0.0
43.281,0.0,0.0,0.0,0.0,0.0,0.0
43.306,0.0,0.0,0.0,0.0,0.0,0.0
43.331,0.0,0.0,0.0,0.0,0.0,0.0
43.356,0.0,0.0,0.0,0.0,0.0,0.0
43.381,0.0,0.0,0.0,0.0,0.0,0.0
43.406,0.0,0.0,0.0,0.0,0.0,0.0
43.431,0.0,0.0,0.0,0.0,0.0,0.0
43.456,0.0,0.0,0.0,0.0,0.0,0.0
43.481,0.0,0.0,0.0,0.0,0.0,0.0
43.506,0.0,0.0,0.0,0.0,0.0,0.0
43.531,0.0,0.0,0.0,0.0,0.0,0.0
43.556,0.0,0.0,0.0,0.0,0.0,0.0
43.581,0.0,0.0,0.0,0.0,0.0,0.0
43.606,0.0,0.0,0.0,0.0,0.0,0.0
43.631,0.0,0.0,0.0,0.0,0.0,0.0
43.656,0.0,0.0,0.0,0.0,0.0,0.0
43.681,0.0,0.0,0.0,0.0,0.0,0.0
43.706,0.0,0.0,0.0,0.0,0.0,0.0
43.731,0.0,0.0,0.0,0.0,0.0,0.0
43.756,0.0,0.0,0.0,0.0,0.0,0.0
43.781,0.0,0.0,0.0,0.0,0.0,0.0
43.806,0.0,0.0,0.0,0.0,0.0,0.0
43.831,0.0,0.0,0.0,0.0,0.0,0.0
43.856,0.0,0.0,0.0,0.0,0.0,0.0
43.881,0.0,0.0,0.0,0.0,0.0,0.0
43.906,0.0,0.0,0.0,0.0,0.0,0.0
43.931,0.0,0.0,0.0,0.0,0.0,0.0
43.956,0.0,0.0,0.0,0.0,0.0,0.0
43.981,0.0,0.0,0.0,0.0,0.0,0.0
44.006,0.0,0.0,0.0,0.0,0.0,0.0
44.031,0.0,0.0,0.0,0.0,0.0,0.0
44.056,0.0,0.0,0.0,0.0,0.0,0.0
44.081,0.0,0.0,0.0,0.0,0.0,0.0
44.106,0.0,0.0,0.0,0.0,0.0,0.0
44.131,0.0,0.0,0.0,0.0,0.0,0.0
44.156,0.0,0.0,0.0,0.0,0.0,0.0
44.181,0.0,0.0,0.0,0.0,0.0,0.0
44.206,0.0,0.0,0.0,0.0,0.0,0.0
44.231,0.0,0.0,0.0,0.0,0.0,0.0
44.256,0.0,0.0,0.0,0.0,0.0,0.0
44.281,0.0,0.0,0.0,0.0,0.0,0.0
44.306,0.0,0.0,0.0,0.0,0.0,0.0
44.331,0.0,0.0,0.0,0.0,0.0,0.0
44.357,0.0,0.0,0.0,0.0,0.0,0.0
44.382,0.0,0.0,0.0,0.0,0.0,0.0
44.407,0.0,0.0,0.0,0.0,0.0,0.0
44.432,0.0,0.0,0.0,0.0,0.0,0.0
44.457,0.0,0.0,0.0,0.0,0.0,0.0
44.482,0.0,0.0,0.0,0.0,0.0,0.0
44.507,0.0,0.0,0.0,0.0,0.0,0.0
44.532,0.0,0.0,0.0,0.0,0.0,0.0
44.557,0.0,0.0,0.0,0.0,0.0,0.0
44.582,0.0,0.0,0.0,0.0,0.0,0.0
44.607,0.0,0.0,0.0,0.0,0.0,0.0
44.632,0.0,0.0,0.0,0.0,0.0,0.0
44.657,0.0,0.0,0.0,0.0,0.0,0.0
44.682,0.0,0.0,0.0,0.0,0.0,0.0
44.707,0.0,0.0,0.0,0.0,0.0,0.0
44.732,0.0,0.0,0.0,0.0,0.0,0.0
44.757,0.0,0.0,0.0,0.0,0.0,0.0
44.782,0.0,0.0,0.0,0.0,0.0,0.0
44.807,0.0,0.0,0.0,0.0,0.0,0.0
44.832,0.0,0.0,0.0,0.0,0.0,0.0
44.857,0.0,0.0,0.0,0.0,0.0,0.0
44.882,0.0,0.0,0.0,0.0,0.0,0.0
44.907,0.0,0.0,0.0,0.0,0.0,0.0
44.933,0.0,0.0,0.0,0.0,0.0,0.0
44.958,0.0,0.0,0.0,0.0,0.0,0.0
44.983,0.0,0.0,0.0,0.0,0.0,0.0
45.008,0.0,0.0,0.0,0.0,0.0,0.0
45.033,0.0,0.0,0.0,0.0,0.0,0.0
45.058,0.0,0.0,0.0,0.0,0.0,0.0
45.083,0.0,0.0,0.0,0.0,0.0,0.0
45.108,0.0,0.0,0.0,0.0,0.0,0.0
45.133,0.0,0.0,0.0,0.0,0.0,0.0
45.158,0.0,0.0,0.0,0.0,0.0,0.0
45.183,0.0,0.0,0.0,0.0,0.0,0.0
45.208,0.0,0.0,0.0,0.0,0.0,0.0
45.234,0.0,0.0,0.0,0.0,0.0,0.0
45.259,0.0,0.0,0.0,0.0,0.0,0.0
45.284,0.0,0.0,0.0,0.0,0.0,0.0
45.31,0.0,0.0,0.0,0.0,0.0,0.0
45.335,0.0,0.0,0.0,0.0,0.0,0.0
45.36,0.0,0.0,0.0,0.0,0.0,0.0
45.385,0.0,0.0,0.0,0.0,0.0,0.0
45.41,0.0,0.0,0.0,0.0,0.0,0.0
45.435,0.0,0.0,0.0,0.0,0.0,0.0
45.46,0.0,0.0,0.0,0.0,0.0,0.0
45.485,0.0,0.0,0.0,0.0,0.0,0.0
45.51,0.0,0.0,0.0,0.0,0.0,0.0
45.535,0.0,0.0,0.0,0.0,0.0,0.0
45.56,0.0,0.0,0.0,0.0,0.0,0.0
45.585,0.0,0.0,0.0,0.0,0.0,0.0
45.61,0.0,0.0,0.0,0.0,0.0,0.0
45.635,0.0,0.0,0.0,0.0,0.0,0.0
45.66,0.0,0.0,0.0,0.0,0.0,0.0
45.685,0.0,0.0,0.0,0.0,0.0,0.0
45.71,0.0,0.0,0.0,0.0,0.0,0.0
45.735,0.0,0.0,0.0,0.0,0.0,0.0
45.76,0.0,0.0,0.0,0.0,0.0,0.0
45.785,0.0,0.0,0.0,0.0,0.0,0.0
45.81,0.0,0.0,0.0,0.0,0.0,0.0
45.835,0.0,0.0,0.0,0.0,0.0,0.0
45.86,0.0,0.0,0.0,0.0,0.0,0.0
45.885,0.0,0.0,0.0,0.0,0.0,0.0
45.91,0.0,0.0,0.0,0.0,0.0,0.0
45.935,0.0,0.0,0.0,0.0,0.0,0.0
45.96,0.0,0.0,0.0,0.0,0.0,0.0
45.986,0.0,0.0,0.0,0.0,0.0,0.0
46.011,0.0,0.0,0.0,0.0,0.0,0.0
46.037,0.0,0.0,0.0,0.0,0.0,0.0
46.062,0.0,0.0,0.0,0.0,0.0,0.0
46.087,0.0,0.0,0.0,0.0,0.0,0.0
46.112,0.0,0.0,0.0,0.0,0.0,0.0
46.137,0.0,0.0,0.0,0.0,0.0,0.0
46.162,0.0,0.0,0.0,0.0,0.0,0.0
46.187,0.0,0.0,0.0,0.0,0.0,0.0
46.212,0.0,0.0,0.0,0.0,0.0,0.0
46.237,0.0,0.0,0.0,0.0,0.0,0.0
46.262,0.0,0.0,0.0,0.0,0.0,0.0
46.287,0.0,0.0,0.0,0.0,0.0,0.0
46.312,0.0,0.0,0.0,0.0,0.0,0.0
46.337,0.0,0.0,0.0,0.0,0.0,0.0
46.362,0.0,0.0,0.0,0.0,0.0,0.0
46.387,0.0,0.0,0.0,0.0,0.0,0.0
46.412,0.0,0.0,0.0,0.0,0.0,0.0
46.437,0.0,0.0,0.0,0.0,0.0,0.0
46.462,0.0,0.0,0.0,0.0,0.0,0.0
46.487,0.0,0.0,0.0,0.0,0.0,0.0
46.512,0.0,0.0,0.0,0.0,0.0,0.0
46.537,0.0,0.0,0.0,0.0,0.0,0.0
46.562,0.0,0.0,0.0,0.0,0.0,0.0
46.587,0.0,0.0,0.0,0.0,0.0,0.0
46.612,0.0,0.0,0.0,0.0,0.0,0.0
46.637,0.0,0.0,0.0,0.0,0.0,0.0
46.662,0.0,0.0,0.0,0.0,0.0,0.0
46.687,0.0,0.0,0.0,0.0,0.0,0.0
46.712,0.0,0.0,0.0,0.0,0.0,0.0
46.737,0.0,0.0,0.0,0.0,0.0,0.0
46.762,0.0,0.0,0.0,0.0,0.0,0.0
46.787,0.0,0.0,0.0,0.0,0.0,0.0
46.812,0.0,0.0,0.0,0.0,0.0,0.0
46.837,0.0,0.0,0.0,0.0,0.0,0.0
46.862,0.0,0.0,0.0,0.0,0.0,0.0
46.887,0.0,0.0,0.0,0.0,0.0,0.0
46.912,0.0,0.0,0.0,0.0,0.0,0.0
46.937,0.0,0.0,0.0,0.0,0.0,0.0
46.962,0.0,0.0,0.0,0.0,0.0,0.0
46.987,0.0,0.0,0.0,0.0,0.0,0.0
47.012,0.0,0.0,0.0,0.0,0.0,0.0
47.037,0.0,0.0,0.0,0.0,0.0,0.0
47.062,0.0,0.0,0.0,0.0,0.0,0.0
47.087,0.0,0.0,0.0,0.0,0.0,0.0
47.112,0.0,0.0,0.0,0.0,0.0,0.0
47.137,0.0,0.0,0.0,0.0,0.0,0.0
47.162,0.0,0.0,0.0,0.0,0.0,0.0
47.187,0.0,0.0,0.0,0.0,0.0,0.0
47.212,0.0,0.0,0.0,0.0,0.0,0.0
47.237,0.0,0.0,0.0,0.0,0.0,0.0
47.262,0.0,0.0,0.0,0.0,0.0,0.0
47.287,0.0,0.0,0.0,0.0,0.0,0.0
47.312,0.0,0.0,0.0,0.0,0.0,0.0
47.337,0.0,0.0,0.0,0.0,0.0,0.0
47.362,0.0,0.0,0.0,0.0,0.0,0.0
47.387,0.0,0.0,0.0,0.0,0.0,0.0
47.412,0.0,0.0,0.0,0.0,0.0,0.0
47.437,0.0,0.0,0.0,0.0,0.0,0.0
47.463,0.0,0.0,0.0,0.0,0.0,0.0
47.488,0.0,0.0,0.0,0.0,0.0,0.0
47.513,0.0,0.0,0.0,0.0,0.0,0.0
47.538,0.0,0.0,0.0,0.0,0.0,0.0
47.563,0.0,0.0,0.0,0.0,0.0,0.0
47.588,0.0,0.0,0.0,0.0,0.0,0.0
47.613,0.0,0.0,0.0,0.0,0.0,0.0
47.639,0.0,0.0,0.0,0.0,0.0,0.0
47.664,0.0,0.0,0.0,0.0,0.0,0.0
47.689,0.0,0.0,0.0,0.0,0.0,0.0
47.714,0.0,0.0,0.0,0.0,0.0,0.0
47.739,0.0,0.0,0.0,0.0,0.0,0.0
47.764,0.0,0.0,0.0,0.0,0.0,0.0
47.789,0.0,0.0,0.0,0.0,0.0,0.0
47.814,0.0,0.0,0.0,0.0,0.0,0.0
47.839,0.0,0.0,0.0,0.0,0.0,0.0
47.864,0.0,0.0,0.0,0.0,0.0,0.0
47.889,0.0,0.0,0.0,0.0,0.0,0.0
47.914,0.0,0.0,0.0,0.0,0.0,0.0
47.939,0.0,0.0,0.0,0.0,0.0,0.0
47.964,0.0,0.0,0.0,0.0,0.0,0.0
47.989,0.0,0.0,0.0,0.0,0.0,0.0
48.014,0.0,0.0,0.0,0.0,0.0,0.0
48.039,0.0,0.0,0.0,0.0,0.0,0.0
48.064,0.0,0.0,0.0,0.0,0.0,0.0
48.089,0.0,0.0,0.0,0.0,0.0,0.0
48.114,0.0,0.0,0.0,0.0,0.0,0.0
48.139,0.0,0.0,0.0,0.0,0.0,0.0
48.164,0.0,0.0,0.0,0.0,0.0,0.0
48.189,0.0,0.0,0.0,0.0,0.0,0.0
48.214,0.0,0.0,0.0,0.0,0.0,0.0
48.239,0.0,0.0,0.0,0.0,0.0,0.0
48.264,0.0,0.0,0.0,0.0,0.0,0.0
48.289,0.0,0.0,0.0,0.0,0.0,0.0
48.314,0.0,0.0,0.0,0.0,0.0,0.0
48.339,0.0,0.0,0.0,0.0,0.0,0.0
48.364,0.0,0.0,0.0,0.0,0.0,0.0
48.389,0.0,0.0,0.0,0.0,0.0,0.0
48.414,0.0,0.0,0.0,0.0,0.0,0.0
48.439,0.0,0.0,0.0,0.0,0.0,0.0
48.464,0.0,0.0,0.0,0.0,0.0,0.0
48.489,0.0,0.0,0.0,0.0,0.0,0.0
48.514,0.0,0.0,0.0,0.0,0.0,0.0
48.539,0.0,0.0,0.0,0.0,0.0,0.0
48.564,0.0,0.0,0.0,0.0,0.0,0.0
48.589,0.0,0.0,0.0,0.0,0.0,0.0
48.614,0.0,0.0,0.0,0.0,0.0,0.0
48.639,0.0,0.0,0.0,0.0,0.0,0.0
48.664,0.0,0.0,0.0,0.0,0.0,0.0
48.689,0.0,0.0,0.0,0.0,0.0,0.0
48.714,0.0,0.0,0.0,0.0,0.0,0.0
48.739,0.0,0.0,0.0,0.0,0.0,0.0
48.764,0.0,0.0,0.0,0.0,0.0,0.0
48.789,0.0,0.0,0.0,0.0,0.0,0.0
48.814,0.0,0.0,0.0,0.0,0.0,0.0
48.839,0.0,0.0,0.0,0.0,0.0,0.0
48.864,0.0,0.0,0.0,0.0,0.0,0.0
48.889,0.0,0.0,0.0,0.0,0.0,0.0
48.914,0.0,0.0,0.0,0.0,0.0,0.0
48.939,0.0,0.0,0.0,0.0,0.0,0.0
48.964,0.0,0.0,0.0,0.0,0.0,0.0
48.989,0.0,0.0,0.0,0.0,0.0,0.0
49.014,0.0,0.0,0.0,0.0,0.0,0.0
49.039,0.0,0.0,0.0,0.0,0.0,0.0
49.065,0.0,0.0,0.0,0.0,0.0,0.0
49.09,0.0,0.0,0.0,0.0,0.0,0.0
49.115,0.0,0.0,0.0,0.0,0.0,0.0
49.14,0.0,0.0,0.0,0.0,0.0,0.0
49.165,0.0,0.0,0.0,0.0,0.0,0.0
49.19,0.0,0.0,0.0,0.0,0.0,0.0
49.215,0.0,0.0,0.0,0.0,0.0,0.0
49.24,0.0,0.0,0.0,0.0,0.0,0.0
49.265,0.0,0.0,0.0,0.0,0.0,0.0
49.29,0.0,0.0,0.0,0.0,0.0,0.0
49.315,0.0,0.0,0.0,0.0,0.0,0.0
49.34,0.0,0.0,0.0,0.0,0.0,0.0
49.365,0.0,0.0,0.0,0.0,0.0,0.0
49.39,0.0,0.0,0.0,0.0,0.0,0.0
49.415,0.0,0.0,0.0,0.0,0.0,0.0
49.44,0.0,0.0,0.0,0.0,0.0,0.0
49.465,0.0,0.0,0.0,0.0,0.0,0.0
49.49,0.0,0.0,0.0,0.0,0.0,0.0
49.515,0.0,0.0,0.0,0.0,0.0,0.0
49.54,0.0,0.0,0.0,0.0,0.0,0.0
49.565,0.0,0.0,0.0,0.0,0.0,0.0
49.59,0.0,0.0,0.0,0.0,0.0,0.0
49.615,0.0,0.0,0.0,0.0,0.0,0.0
49.64,0.0,0.0,0.0,0.0,0.0,0.0
49.665,0.0,0.0,0.0,0.0,0.0,0.0
49.69,0.0,0.0,0.0,0.0,0.0,0.0
49.715,0.0,0.0,0.0,0.0,0.0,0.0
49.74,0.0,0.0,0.0,0.0,0.0,0.0
49.765,0.0,0.0,0.0,0.0,0.0,0.0
49.79,0.0,0.0,0.0,0.0,0.0,0.0
49.815,0.0,0.0,0.0,0.0,0.0,0.0
49.84,0.0,0.0,0.0,0.0,0.0,0.0
49.865,0.0,0.0,0.0,0.0,0.0,0.0
49.89,0.0,0.0,0.0,0.0,0.0,0.0
49.915,0.0,0.0,0.0,0.0,0.0,0.0
49.94,0.0,0.0,0.0,0.0,0.0,0.0
49.965,0.0,0.0,0.0,0.0,0.0,0.0
49.99,0.0,0.0,0.0,0.0,0.0,0.0
50.015,0.0,0.0,0.0,0.0,0.0,0.0
50.04,0.0,0.0,0.0,0.0,0.0,0.0
50.065,0.0,0.0,0.0,0.0,0.0,0.0
50.09,0.0,0.0,0.0,0.0,0.0,0.0
50.115,0.0,0.0,0.0,0.0,0.0,0.0
50.141,0.0,0.0,0.0,0.0,0.0,0.0
50.167,0.0,0.0,0.0,0.0,0.0,0.0
50.193,0.0,0.0,0.0,0.0,0.0,0.0
50.218,0.0,0.0,0.0,0.0,0.0,0.0
50.243,0.0,0.0,0.0,0.0,0.0,0.0
50.268,0.0,0.0,0.0,0.0,0.0,0.0
50.293,0.0,0.0,0.0,0.0,0.0,0.0
50.318,0.0,0.0,0.0,0.0,0.0,0.0
50.344,0.0,0.0,0.0,0.0,0.0,0.0
50.369,0.0,0.0,0.0,0.0,0.0,0.0
50.394,0.0,0.0,0.0,0.0,0.0,0.0
50.419,0.0,0.0,0.0,0.0,0.0,0.0
50.444,0.0,0.0,0.0,0.0,0.0,0.0
50.469,0.0,0.0,0.0,0.0,0.0,0.0
50.494,0.0,0.0,0.0,0.0,0.0,0.0
50.519,0.0,0.0,0.0,0.0,0.0,0.0
50.545,0.0,0.0,0.0,0.0,0.0,0.0
50.57,0.0,0.0,0.0,0.0,0.0,0.0
50.595,0.0,0.0,0.0,0.0,0.0,0.0
50.62,0.0,0.0,0.0,0.0,0.0,0.0
50.645,0.0,0.0,0.0,0.0,0.0,0.0
50.671,0.0,0.0,0.0,0.0,0.0,0.0
50.696,0.0,0.0,0.0,0.0,0.0,0.0
50.721,0.0,0.0,0.0,0.0,0.0,0.0
50.746,0.0,0.0,0.0,0.0,0.0,0.0
50.771,0.0,0.0,0.0,0.0,0.0,0.0
50.796,0.0,0.0,0.0,0.0,0.0,0.0
50.822,0.0,0.0,0.0,0.0,0.0,0.0
50.847,0.0,0.0,0.0,0.0,0.0,0.0
50.872,0.0,0.0,0.0,0.0,0.0,0.0
50.897,0.0,0.0,0.0,0.0,0.0,0.0
50.923,0.0,0.0,0.0,0.0,0.0,0.0
50.948,0.0,0.0,0.0,0.0,0.0,0.0
50.974,0.0,0.0,0.0,0.0,0.0,0.0
51.0,0.0,0.0,0.0,0.0,0.0,0.0
51.03,0.0,0.0,0.0,0.0,0.0,0.0
51.055,0.0,0.0,0.0,0.0,0.0,0.0
51.08,0.0,0.0,0.0,0.0,0.0,0.0
51.105,0.0,0.0,0.0,0.0,0.0,0.0
51.13,0.0,0.0,0.0,0.0,0.0,0.0
51.155,0.0,0.0,0.0,0.0,0.0,0.0
51.18,0.0,0.0,0.0,0.0,0.0,0.0
51.205,0.0,0.0,0.0,0.0,0.0,0.0
51.231,0.0,0.0,0.0,0.0,0.0,0.0
51.256,0.0,0.0,0.0,0.0,0.0,0.0
51.281,0.0,0.0,0.0,0.0,0.0,0.0
51.306,0.0,0.0,0.0,0.0,0.0,0.0
51.332,0.0,0.0,0.0,0.0,0.0,0.0
51.357,0.0,0.0,0.0,0.0,0.0,0.0
51.382,0.0,0.0,0.0,0.0,0.0,0.0
51.407,0.0,0.0,0.0,0.0,0.0,0.0
51.432,0.0,0.0,0.0,0.0,0.0,0.0
51.457,0.0,0.0,0.0,0.0,0.0,0.0
51.482,0.0,0.0,0.0,0.0,0.0,0.0
51.507,0.0,0.0,0.0,0.0,0.0,0.0
51.532,0.0,0.0,0.0,0.0,0.0,0.0
51.557,0.0,0.0,0.0,0.0,0.0,0.0
51.582,0.0,0.0,0.0,0.0,0.0,0.0
51.607,0.0,0.0,0.0,0.0,0.0,0.0
51.633,0.0,0.0,0.0,0.0,0.0,0.0
51.658,0.0,0.0,0.0,0.0,0.0,0.0
51.683,0.0,0.0,0.0,0.0,0.0,0.0
51.708,0.0,0.0,0.0,0.0,0.0,0.0
51.734,0.0,0.0,0.0,0.0,0.0,0.0
51.759,0.0,0.0,0.0,0.0,0.0,0.0
51.784,0.0,0.0,0.0,0.0,0.0,0.0
51.81,0.0,0.0,0.0,0.0,0.0,0.0
51.835,0.0,0.0,0.0,0.0,0.0,0.0
51.86,0.0,0.0,0.0,0.0,0.0,0.0
51.885,0.0,0.0,0.0,0.0,0.0,0.0
51.911,0.0,0.0,0.0,0.0,0.0,0.0
51.936,0.0,0.0,0.0,0.0,0.0,0.0
51.962,0.0,0.0,0.0,0.0,0.0,0.0
51.988,0.0,0.0,0.0,0.0,0.0,0.0
52.013,0.0,0.0,0.0,0.0,0.0,0.0
52.038,0.0,0.0,0.0,0.0,0.0,0.0
52.064,0.0,0.0,0.0,0.0,0.0,0.0
52.089,0.0,0.0,0.0,0.0,0.0,0.0
52.114,0.0,0.0,0.0,0.0,0.0,0.0
52.139,0.0,0.0,0.0,0.0,0.0,0.0
52.164,0.0,0.0,0.0,0.0,0.0,0.0
52.189,0.0,0.0,0.0,0.0,0.0,0.0
52.214,0.0,0.0,0.0,0.0,0.0,0.0
52.239,0.0,0.0,0.0,0.0,0.0,0.0
52.264,0.0,0.0,0.0,0.0,0.0,0.0
52.289,0.0,0.0,0.0,0.0,0.0,0.0
52.314,0.0,0.0,0.0,0.0,0.0,0.0
52.339,0.0,0.0,0.0,0.0,0.0,0.0
52.364,0.0,0.0,0.0,0.0,0.0,0.0
52.389,0.0,0.0,0.0,0.0,0.0,0.0
52.414,0.0,0.0,0.0,0.0,0.0,0.0
52.439,0.0,0.0,0.0,0.0,0.0,0.0
52.464,0.0,0.0,0.0,0.0,0.0,0.0
52.489,0.0,0.0,0.0,0.0,0.0,0.0
52.514,0.0,0.0,0.0,0.0,0.0,0.0
52.539,0.0,0.0,0.0,0.0,0.0,0.0
52.564,0.0,0.0,0.0,0.0,0.0,0.0
52.589,0.0,0.0,0.0,0.0,0.0,0.0
52.614,0.0,0.0,0.0,0.0,0.0,0.0
52.639,0.0,0.0,0.0,0.0,0.0,0.0
52.664,0.0,0.0,0.0,0.0,0.0,0.0
52.689,0.0,0.0,0.0,0.0,0.0,0.0
52.714,0.0,0.0,0.0,0.0,0.0,0.0
52.739,0.0,0.0,0.0,0.0,0.0,0.0
52.764,0.0,0.0,0.0,0.0,0.0,0.0
52.789,0.0,0.0,0.0,0.0,0.0,0.0
52.814,0.0,0.0,0.0,0.0,0.0,0.0
52.839,0.0,0.0,0.0,0.0,0.0,0.0
52.864,0.0,0.0,0.0,0.0,0.0,0.0
52.889,0.0,0.0,0.0,0.0,0.0,0.0
52.914,0.0,0.0,0.0,0.0,0.0,0.0
52.939,0.0,0.0,0.0,0.0,0.0,0.0
52.964,0.0,0.0,0.0,0.0,0.0,0.0
52.989,0.0,0.0,0.0,0.0,0.0,0.0
53.014,0.0,0.0,0.0,0.0,0.0,0.0
53.039,0.0,0.0,0.0,0.0,0.0,0.0
53.064,0.0,0.0,0.0,0.0,0.0,0.0
53.089,0.0,0.0,0.0,0.0,0.0,0.0
53.114,0.0,0.0,0.0,0.0,0.0,0.0
53.139,0.0,0.0,0.0,0.0,0.0,0.0
53.164,0.0,0.0,0.0,0.0,0.0,0.0
53.189,0.0,0.0,0.0,0.0,0.0,0.0
53.214,0.0,0.0,0.0,0.0,0.0,0.0
53.239,0.0,0.0,0.0,0.0,0.0,0.0
53.264,0.0,0.0,0.0,0.0,0.0,0.0
53.289,0.0,0.0,0.0,0.0,0.0,0.0
53.314,0.0,0.0,0.0,0.0,0.0,0.0
53.34,0.0,0.0,0.0,0.0,0.0,0.0
53.365,0.0,0.0,0.0,0.0,0.0,0.0
53.39,0.0,0.0,0.0,0.0,0.0,0.0
53.415,0.0,0.0,0.0,0.0,0.0,0.0
53.44,0.0,0.0,0.0,0.0,0.0,0.0
53.465,0.0,0.0,0.0,0.0,0.0,0.0
53.49,0.0,0.0,0.0,0.0,0.0,0.0
53.515,0.0,0.0,0.0,0.0,0.0,0.0
53.54,0.0,0.0,0.0,0.0,0.0,0.0
53.565,0.0,0.0,0.0,0.0,0.0,0.0
53.59,0.0,0.0,0.0,0.0,0.0,0.0
53.615,0.0,0.0,0.0,0.0,0.0,0.0
53.64,0.0,0.0,0.0,0.0,0.0,0.0
53.665,0.0,0.0,0.0,0.0,0.0,0.0
53.69,0.0,0.0,0.0,0.0,0.0,0.0
53.715,0.0,0.0,0.0,0.0,0.0,0.0
53.74,0.0,0.0,0.0,0.0,0.0,0.0
53.765,0.0,0.0,0.0,0.0,0.0,0.0
53.79,0.0,0.0,0.0,0.0,0.0,0.0
53.815,0.0,0.0,0.0,0.0,0.0,0.0
53.84,0.0,0.0,0.0,0.0,0.0,0.0
53.865,0.0,0.0,0.0,0.0,0.0,0.0
53.89,0.0,0.0,0.0,0.0,0.0,0.0
53.915,0.0,0.0,0.0,0.0,0.0,0.0
53.94,0.0,0.0,0.0,0.0,0.0,0.0
53.965,0.0,0.0,0.0,0.0,0.0,0.0
53.99,0.0,0.0,0.0,0.0,0.0,0.0
54.015,0.0,0.0,0.0,0.0,0.0,0.0
54.04,0.0,0.0,0.0,0.0,0.0,0.0
54.065,0.0,0.0,0.0,0.0,0.0,0.0
54.09,0.0,0.0,0.0,0.0,0.0,0.0
54.115,0.0,0.0,0.0,0.0,0.0,0.0
54.14,0.0,0.0,0.0,0.0,0.0,0.0
54.165,0.0,0.0,0.0,0.0,0.0,0.0
54.19,0.0,0.0,0.0,0.0,0.0,0.0
54.215,0.0,0.0,0.0,0.0,0.0,0.0
54.24,0.0,0.0,0.0,0.0,0.0,0.0
54.265,0.0,0.0,0.0,0.0,0.0,0.0
54.29,0.0,0.0,0.0,0.0,0.0,0.0
54.315,0.0,0.0,0.0,0.0,0.0,0.0
54.34,0.0,0.0,0.0,0.0,0.0,0.0
54.365,0.0,0.0,0.0,0.0,0.0,0.0
54.39,0.0,0.0,0.0,0.0,0.0,0.0
54.415,0.0,0.0,0.0,0.0,0.0,0.0
54.44,0.0,0.0,0.0,0.0,0.0,0.0
54.465,0.0,0.0,0.0,0.0,0.0,0.0
54.49,0.0,0.0,0.0,0.0,0.0,0.0
54.516,0.0,0.0,0.0,0.0,0.0,0.0
54.541,0.0,0.0,0.0,0.0,0.0,0.0
54.566,0.0,0.0,0.0,0.0,0.0,0.0
54.591,0.0,0.0,0.0,0.0,0.0,0.0
54.617,0.0,0.0,0.0,0.0,0.0,0.0
54.642,0.0,0.0,0.0,0.0,0.0,0.0
54.667,0.0,0.0,0.0,0.0,0.0,0.0
54.692,0.0,0.0,0.0,0.0,0.0,0.0
54.718,0.0,0.0,0.0,0.0,0.0,0.0
54.743,0.0,0.0,0.0,0.0,0.0,0.0
54.768,0.0,0.0,0.0,0.0,0.0,0.0
54.794,0.0,0.0,0.0,0.0,0.0,0.0
54.819,0.0,0.0,0.0,0.0,0.0,0.0
54.844,0.0,0.0,0.0,0.0,0.0,0.0
54.87,0.0,0.0,0.0,0.0,0.0,0.0
54.896,0.0,0.0,0.0,0.0,0.0,0.0
54.921,0.0,0.0,0.0,0.0,0.0,0.0
54.946,0.0,0.0,0.0,0.0,0.0,0.0
54.972,0.0,0.0,0.0,0.0,0.0,0.0
54.997,0.0,0.0,0.0,0.0,0.0,0.0
55.022,0.0,0.0,0.0,0.0,0.0,0.0
55.047,0.0,0.0,0.0,0.0,0.0,0.0
55.072,0.0,0.0,0.0,0.0,0.0,0.0
55.098,0.0,0.0,0.0,0.0,0.0,0.0
55.123,0.0,0.0,0.0,0.0,0.0,0.0
55.148,0.0,0.0,0.0,0.0,0.0,0.0
55.174,0.0,0.0,0.0,0.0,0.0,0.0
55.199,0.0,0.0,0.0,0.0,0.0,0.0
55.224,0.0,0.0,0.0,0.0,0.0,0.0
55.249,0.0,0.0,0.0,0.0,0.0,0.0
55.274,0.0,0.0,0.0,0.0,0.0,0.0
55.299,0.0,0.0,0.0,0.0,0.0,0.0
55.324,0.0,0.0,0.0,0.0,0.0,0.0
55.349,0.0,0.0,0.0,0.0,0.0,0.0
55.374,0.0,0.0,0.0,0.0,0.0,0.0
55.399,0.0,0.0,0.0,0.0,0.0,0.0
55.424,0.0,0.0,0.0,0.0,0.0,0.0
55.449,0.0,0.0,0.0,0.0,0.0,0.0
55.475,0.0,0.0,0.0,0.0,0.0,0.0
55.5,0.0,0.0,0.0,0.0,0.0,0.0
55.526,0.0,0.0,0.0,0.0,0.0,0.0
55.551,0.0,0.0,0.0,0.0,0.0,0.0
55.576,0.0,0.0,0.0,0.0,0.0,0.0
55.601,0.0,0.0,0.0,0.0,0.0,0.0
55.626,0.0,0.0,0.0,0.0,0.0,0.0
55.651,0.0,0.0,0.0,0.0,0.0,0.0
55.677,0.0,0.0,0.0,0.0,0.0,0.0
55.702,0.0,0.0,0.0,0.0,0.0,0.0
55.727,0.0,0.0,0.0,0.0,0.0,0.0
55.753,0.0,0.0,0.0,0.0,0.0,0.0
55.778,0.0,0.0,0.0,0.0,0.0,0.0
55.803,0.0,0.0,0.0,0.0,0.0,0.0
55.828,0.0,0.0,0.0,0.0,0.0,0.0
55.853,0.0,0.0,0.0,0.0,0.0,0.0
55.878,0.0,0.0,0.0,0.0,0.0,0.0
55.903,0.0,0.0,0.0,0.0,0.0,0.0
55.928,0.0,0.0,0.0,0.0,0.0,0.0
55.953,0.0,0.0,0.0,0.0,0.0,0.0
55.978,0.0,0.0,0.0,0.0,0.0,0.0
56.003,0.0,0.0,0.0,0.0,0.0,0.0
56.028,0.0,0.0,0.0,0.0,0.0,0.0
56.053,0.0,0.0,0.0,0.0,0.0,0.0
56.078,0.0,0.0,0.0,0.0,0.0,0.0
56.103,0.0,0.0,0.0,0.0,0.0,0.0
56.128,0.0,0.0,0.0,0.0,0.0,0.0
56.154,0.0,0.0,0.0,0.0,0.0,0.0
56.179,0.0,0.0,0.0,0.0,0.0,0.0
56.204,0.0,0.0,0.0,0.0,0.0,0.0
56.229,0.0,0.0,0.0,0.0,0.0,0.0
56.254,0.0,0.0,0.0,0.0,0.0,0.0
56.28,0.0,0.0,0.0,0.0,0.0,0.0
56.305,0.0,0.0,0.0,0.0,0.0,0.0
56.33,0.0,0.0,0.0,0.0,0.0,0.0
56.355,0.0,0.0,0.0,0.0,0.0,0.0
56.38,0.0,0.0,0.0,0.0,0.0,0.0
56.405,0.0,0.0,0.0,0.0,0.0,0.0
56.43,0.0,0.0,0.0,0.0,0.0,0.0
56.455,0.0,0.0,0.0,0.0,0.0,0.0
56.48,0.0,0.0,0.0,0.0,0.0,0.0
56.505,0.0,0.0,0.0,0.0,0.0,0.0
56.53,0.0,0.0,0.0,0.0,0.0,0.0
56.555,0.0,0.0,0.0,0.0,0.0,0.0
56.58,0.0,0.0,0.0,0.0,0.0,0.0
56.605,0.0,0.0,0.0,0.0,0.0,0.0
56.63,0.0,0.0,0.0,0.0,0.0,0.0
56.655,0.0,0.0,0.0,0.0,0.0,0.0
56.68,0.0,0.0,0.0,0.0,0.0,0.0
56.705,0.0,0.0,0.0,0.0,0.0,0.0
56.73,0.0,0.0,0.0,0.0,0.0,0.0
56.755,0.0,0.0,0.0,0.0,0.0,0.0
56.78,0.0,0.0,0.0,0.0,0.0,0.0
56.805,0.0,0.0,0.0,0.0,0.0,0.0
56.83,0.0,0.0,0.0,0.0,0.0,0.0
56.855,0.0,0.0,0.0,0.0,0.0,0.0
56.88,0.0,0.0,0.0,0.0,0.0,0.0
56.905,0.0,0.0,0.0,0.0,0.0,0.0
56.931,0.0,0.0,0.0,0.0,0.0,0.0
56.956,0.0,0.0,0.0,0.0,0.0,0.0
56.981,0.0,0.0,0.0,0.0,0.0,0.0
57.006,0.0,0.0,0.0,0.0,0.0,0.0
57.031,0.0,0.0,0.0,0.0,0.0,0.0
57.056,0.0,0.0,0.0,0.0,0.0,0.0
57.081,0.0,0.0,0.0,0.0,0.0,0.0
57.106,0.0,0.0,0.0,0.0,0.0,0.0
57.131,0.0,0.0,0.0,0.0,0.0,0.0
57.156,0.0,0.0,0.0,0.0,0.0,0.0
57.182,0.0,0.0,0.0,0.0,0.0,0.0
57.207,0.0,0.0,0.0,0.0,0.0,0.0
57.232,0.0,0.0,0.0,0.0,0.0,0.0
57.257,0.0,0.0,0.0,0.0,0.0,0.0
57.282,0.0,0.0,0.0,0.0,0.0,0.0
57.308,0.0,0.0,0.0,0.0,0.0,0.0
57.333,0.0,0.0,0.0,0.0,0.0,0.0
57.358,0.0,0.0,0.0,0.0,0.0,0.0
57.383,0.0,0.0,0.0,0.0,0.0,0.0
57.408,0.0,0.0,0.0,0.0,0.0,0.0
57.433,0.0,0.0,0.0,0.0,0.0,0.0
57.458,0.0,0.0,0.0,0.0,0.0,0.0
57.483,0.0,0.0,0.0,0.0,0.0,0.0
57.508,0.0,0.0,0.0,0.0,0.0,0.0
57.533,0.0,0.0,0.0,0.0,0.0,0.0
57.558,0.0,0.0,0.0,0.0,0.0,0.0
57.584,0.0,0.0,0.0,0.0,0.0,0.0
57.609,0.0,0.0,0.0,0.0,0.0,0.0
57.634,0.0,0.0,0.0,0.0,0.0,0.0
57.66,0.0,0.0,0.0,0.0,0.0,0.0
57.685,0.0,0.0,0.0,0.0,0.0,0.0
57.71,0.0,0.0,0.0,0.0,0.0,0.0
57.735,0.0,0.0,0.0,0.0,0.0,0.0
57.76,0.0,0.0,0.0,0.0,0.0,0.0
57.786,0.0,0.0,0.0,0.0,0.0,0.0
57.811,0.0,0.0,0.0,0.0,0.0,0.0
57.836,0.0,0.0,0.0,0.0,0.0,0.0
57.861,0.0,0.0,0.0,0.0,0.0,0.0
57.886,0.0,0.0,0.0,0.0,0.0,0.0
57.911,0.0,0.0,0.0,0.0,0.0,0.0
57.936,0.0,0.0,0.0,0.0,0.0,0.0
57.961,0.0,0.0,0.0,0.0,0.0,0.0
57.987,0.0,0.0,0.0,0.0,0.0,0.0
58.012,0.0,0.0,0.0,0.0,0.0,0.0
58.037,0.0,0.0,0.0,0.0,0.0,0.0
58.062,0.0,0.0,0.0,0.0,0.0,0.0
58.088,0.0,0.0,0.0,0.0,0.0,0.0
58.113,0.0,0.0,0.0,0.0,0.0,0.0
58.138,0.0,0.0,0.0,0.0,0.0,0.0
58.163,0.0,0.0,0.0,0.0,0.0,0.0
58.188,0.0,0.0,0.0,0.0,0.0,0.0
58.213,0.0,0.0,0.0,0.0,0.0,0.0
58.238,0.0,0.0,0.0,0.0,0.0,0.0
58.263,0.0,0.0,0.0,0.0,0.0,0.0
58.288,0.0,0.0,0.0,0.0,0.0,0.0
58.313,0.0,0.0,0.0,0.0,0.0,0.0
58.338,0.0,0.0,0.0,0.0,0.0,0.0
58.363,0.0,0.0,0.0,0.0,0.0,0.0
58.388,0.0,0.0,0.0,0.0,0.0,0.0
58.413,0.0,0.0,0.0,0.0,0.0,0.0
58.438,0.0,0.0,0.0,0.0,0.0,0.0
58.463,0.0,0.0,0.0,0.0,0.0,0.0
58.488,0.0,0.0,0.0,0.0,0.0,0.0
58.513,0.0,0.0,0.0,0.0,0.0,0.0
58.538,0.0,0.0,0.0,0.0,0.0,0.0
58.563,0.0,0.0,0.0,0.0,0.0,0.0
58.588,0.0,0.0,0.0,0.0,0.0,0.0
58.613,0.0,0.0,0.0,0.0,0.0,0.0
58.638,0.0,0.0,0.0,0.0,0.0,0.0
58.663,0.0,0.0,0.0,0.0,0.0,0.0
58.688,0.0,0.0,0.0,0.0,0.0,0.0
58.713,0.0,0.0,0.0,0.0,0.0,0.0
58.738,0.0,0.0,0.0,0.0,0.0,0.0
58.763,0.0,0.0,0.0,0.0,0.0,0.0
58.788,0.0,0.0,0.0,0.0,0.0,0.0
58.813,0.0,0.0,0.0,0.0,0.0,0.0
58.838,0.0,0.0,0.0,0.0,0.0,0.0
58.863,0.0,0.0,0.0,0.0,0.0,0.0
58.89,0.0,0.0,0.0,0.0,0.0,0.0
58.916,0.0,0.0,0.0,0.0,0.0,0.0
58.941,0.0,0.0,0.0,0.0,0.0,0.0
58.966,0.0,0.0,0.0,0.0,0.0,0.0
58.991,0.0,0.0,0.0,0.0,0.0,0.0
59.016,0.0,0.0,0.0,0.0,0.0,0.0
59.041,0.0,0.0,0.0,0.0,0.0,0.0
59.066,0.0,0.0,0.0,0.0,0.0,0.0
59.091,0.0,0.0,0.0,0.0,0.0,0.0
59.116,0.0,0.0,0.0,0.0,0.0,0.0
59.141,0.0,0.0,0.0,0.0,0.0,0.0
59.166,0.0,0.0,0.0,0.0,0.0,0.0
59.191,0.0,0.0,0.0,0.0,0.0,0.0
59.216,0.0,0.0,0.0,0.0,0.0,0.0
59.241,0.0,0.0,0.0,0.0,0.0,0.0
59.266,0.0,0.0,0.0,0.0,0.0,0.0
59.291,0.0,0.0,0.0,0.0,0.0,0.0
59.316,0.0,0.0,0.0,0.0,0.0,0.0
59.341,0.0,0.0,0.0,0.0,0.0,0.0
59.366,0.0,0.0,0.0,0.0,0.0,0.0
59.391,0.0,0.0,0.0,0.0,0.0,0.0
59.416,0.0,0.0,0.0,0.0,0.0,0.0
59.441,0.0,0.0,0.0,0.0,0.0,0.0
59.466,0.0,0.0,0.0,0.0,0.0,0.0
59.491,0.0,0.0,0.0,0.0,0.0,0.0
59.516,0.0,0.0,0.0,0.0,0.0,0.0
59.541,0.0,0.0,0.0,0.0,0.0,0.0
59.566,0.0,0.0,0.0,0.0,0.0,0.0
59.591,0.0,0.0,0.0,0.0,0.0,0.0
59.616,0.0,0.0,0.0,0.0,0.0,0.0
59.641,0.0,0.0,0.0,0.0,0.0,0.0
59.666,0.0,0.0,0.0,0.0,0.0,0.0
59.691,0.0,0.0,0.0,0.0,0.0,0.0
59.716,0.0,0.0,0.0,0.0,0.0,0.0
59.741,0.0,0.0,0.0,0.0,0.0,0.0
59.766,0.0,0.0,0.0,0.0,0.0,0.0
59.791,0.0,0.0,0.0,0.0,0.0,0.0
59.816,0.0,0.0,0.0,0.0,0.0,0.0
59.841,0.0,0.0,0.0,0.0,0.0,0.0
59.866,0.0,0.0,0.0,0.0,0.0,0.0
59.891,0.0,0.0,0.0,0.0,0.0,0.0
59.916,0.0,0.0,0.0,0.0,0.0,0.0
59.941,0.0,0.0,0.0,0.0,0.0,0.0
59.966,0.0,0.0,0.0,0.0,0.0,0.0
59.991,0.0,0.0,0.0,0.0,0.0,0.0
60.016,0.0,0.0,0.0,0.0,0.0,0.0
60.041,0.0,0.0,0.0,0.0,0.0,0.0
60.066,0.0,0.0,0.0,0.0,0.0,0.0
60.091,0.0,0.0,0.0,0.0,0.0,0.0
60.116,0.0,0.0,0.0,0.0,0.0,0.0
60.141,0.0,0.0,0.0,0.0,0.0,0.0
60.166,0.0,0.0,0.0,0.0,0.0,0.0
60.191,0.0,0.0,0.0,0.0,0.0,0.0
60.216,0.0,0.0,0.0,0.0,0.0,0.0
60.241,0.0,0.0,0.0,0.0,0.0,0.0
60.266,0.0,0.0,0.0,0.0,0.0,0.0
60.291,0.0,0.0,0.0,0.0,0.0,0.0
60.317,0.0,0.0,0.0,0.0,0.0,0.0
60.342,0.0,0.0,0.0,0.0,0.0,0.0
60.367,0.0,0.0,0.0,0.0,0.0,0.0
60.392,0.0,0.0,0.0,0.0,0.0,0.0
60.417,0.0,0.0,0.0,0.0,0.0,0.0
60.442,0.0,0.0,0.0,0.0,0.0,0.0
60.467,0.0,0.0,0.0,0.0,0.0,0.0
60.492,0.0,0.0,0.0,0.0,0.0,0.0
60.517,0.0,0.0,0.0,0.0,0.0,0.0
60.542,0.0,0.0,0.0,0.0,0.0,0.0
60.567,0.0,0.0,0.0,0.0,0.0,0.0
60.592,0.0,0.0,0.0,0.0,0.0,0.0
60.617,0.0,0.0,0.0,0.0,0.0,0.0
60.642,0.0,0.0,0.0,0.0,0.0,0.0
60.667,0.0,0.0,0.0,0.0,0.0,0.0
60.692,0.0,0.0,0.0,0.0,0.0,0.0
60.717,0.0,0.0,0.0,0.0,0.0,0.0
60.742,0.0,0.0,0.0,0.0,0.0,0.0
60.767,0.0,0.0,0.0,0.0,0.0,0.0
60.792,0.0,0.0,0.0,0.0,0.0,0.0
60.817,0.0,0.0,0.0,0.0,0.0,0.0
60.842,0.0,0.0,0.0,0.0,0.0,0.0
60.867,0.0,0.0,0.0,0.0,0.0,0.0
60.892,0.0,0.0,0.0,0.0,0.0,0.0
60.917,0.0,0.0,0.0,0.0,0.0,0.0
60.942,0.0,0.0,0.0,0.0,0.0,0.0
60.967,0.0,0.0,0.0,0.0,0.0,0.0
60.992,0.0,0.0,0.0,0.0,0.0,0.0
61.017,0.0,0.0,0.0,0.0,0.0,0.0
61.042,0.0,0.0,0.0,0.0,0.0,0.0
61.067,0.0,0.0,0.0,0.0,0.0,0.0
61.092,0.0,0.0,0.0,0.0,0.0,0.0
61.117,0.0,0.0,0.0,0.0,0.0,0.0
61.142,0.0,0.0,0.0,0.0,0.0,0.0
61.167,0.0,0.0,0.0,0.0,0.0,0.0
61.192,0.0,0.0,0.0,0.0,0.0,0.0
61.217,0.0,0.0,0.0,0.0,0.0,0.0
61.242,0.0,0.0,0.0,0.0,0.0,0.0
61.267,0.0,0.0,0.0,0.0,0.0,0.0
61.292,0.0,0.0,0.0,0.0,0.0,0.0
61.317,0.0,0.0,0.0,0.0,0.0,0.0
61.342,0.0,0.0,0.0,0.0,0.0,0.0
61.367,0.0,0.0,0.0,0.0,0.0,0.0
61.392,0.0,0.0,0.0,0.0,0.0,0.0
61.417,0.0,0.0,0.0,0.0,0.0,0.0
61.442,0.0,0.0,0.0,0.0,0.0,0.0
61.467,0.0,0.0,0.0,0.0,0.0,0.0
61.492,0.0,0.0,0.0,0.0,0.0,0.0
61.517,0.0,0.0,0.0,0.0,0.0,0.0
61.542,0.0,0.0,0.0,0.0,0.0,0.0
61.567,0.0,0.0,0.0,0.0,0.0,0.0
61.592,0.0,0.0,0.0,0.0,0.0,0.0
61.617,0.0,0.0,0.0,0.0,0.0,0.0
61.642,0.0,0.0,0.0,0.0,0.0,0.0
61.667,0.0,0.0,0.0,0.0,0.0,0.0
61.692,0.0,0.0,0.0,0.0,0.0,0.0
61.717,0.0,0.0,0.0,0.0,0.0,0.0
61.742,0.0,0.0,0.0,0.0,0.0,0.0
61.768,0.0,0.0,0.0,0.0,0.0,0.0
61.793,0.0,0.0,0.0,0.0,0.0,0.0
61.818,0.0,0.0,0.0,0.0,0.0,0.0
61.843,0.0,0.0,0.0,0.0,0.0,0.0
61.868,0.0,0.0,0.0,0.0,0.0,0.0
61.893,0.0,0.0,0.0,0.0,0.0,0.0
61.918,0.0,0.0,0.0,0.0,0.0,0.0
61.943,0.0,0.0,0.0,0.0,0.0,0.0
61.968,0.0,0.0,0.0,0.0,0.0,0.0
61.993,0.0,0.0,0.0,0.0,0.0,0.0
62.018,0.0,0.0,0.0,0.0,0.0,0.0
62.043,0.0,0.0,0.0,0.0,0.0,0.0
62.068,0.0,0.0,0.0,0.0,0.0,0.0
62.093,0.0,0.0,0.0,0.0,0.0,0.0
62.118,0.0,0.0,0.0,0.0,0.0,0.0
62.143,0.0,0.0,0.0,0.0,0.0,0.0
62.168,0.0,0.0,0.0,0.0,0.0,0.0
62.193,0.0,0.0,0.0,0.0,0.0,0.0
62.218,0.0,0.0,0.0,0.0,0.0,0.0
62.243,0.0,0.0,0.0,0.0,0.0,0.0
62.268,0.0,0.0,0.0,0.0,0.0,0.0
62.293,0.0,0.0,0.0,0.0,0.0,0.0
62.318,0.0,0.0,0.0,0.0,0.0,0.0
62.343,0.0,0.0,0.0,0.0,0.0,0.0
62.368,0.0,0.0,0.0,0.0,0.0,0.0
62.393,0.0,0.0,0.0,0.0,0.0,0.0
62.418,0.0,0.0,0.0,0.0,0.0,0.0
62.443,0.0,0.0,0.0,0.0,0.0,0.0
62.468,0.0,0.0,0.0,0.0,0.0,0.0
62.493,0.0,0.0,0.0,0.0,0.0,0.0
62.518,0.0,0.0,0.0,0.0,0.0,0.0
62.543,0.0,0.0,0.0,0.0,0.0,0.0
62.568,0.0,0.0,0.0,0.0,0.0,0.0
62.593,0.0,0.0,0.0,0.0,0.0,0.0
62.618,0.0,0.0,0.0,0.0,0.0,0.0
62.644,0.0,0.0,0.0,0.0,0.0,0.0
62.669,0.0,0.0,0.0,0.0,0.0,0.0
62.694,0.0,0.0,0.0,0.0,0.0,0.0
62.719,0.0,0.0,0.0,0.0,0.0,0.0
62.744,0.0,0.0,0.0,0.0,0.0,0.0
62.769,0.0,0.0,0.0,0.0,0.0,0.0
62.794,0.0,0.0,0.0,0.0,0.0,0.0
62.82,0.0,0.0,0.0,0.0,0.0,0.0
62.846,0.0,0.0,0.0,0.0,0.0,0.0
62.871,0.0,0.0,0.0,0.0,0.0,0.0
62.896,0.0,0.0,0.0,0.0,0.0,0.0
62.922,0.0,0.0,0.0,0.0,0.0,0.0
62.947,0.0,0.0,0.0,0.0,0.0,0.0
62.973,0.0,0.0,0.0,0.0,0.0,0.0
62.999,0.0,0.0,0.0,0.0,0.0,0.0
63.024,0.0,0.0,0.0,0.0,0.0,0.0
63.049,0.0,0.0,0.0,0.0,0.0,0.0
63.074,0.0,0.0,0.0,0.0,0.0,0.0
63.099,0.0,0.0,0.0,0.0,0.0,0.0
63.125,0.0,0.0,0.0,0.0,0.0,0.0
63.15,0.0,0.0,0.0,0.0,0.0,0.0
63.176,0.0,0.0,0.0,0.0,0.0,0.0
63.201,0.0,0.0,0.0,0.0,0.0,0.0
63.227,0.0,0.0,0.0,0.0,0.0,0.0
63.252,0.0,0.0,0.0,0.0,0.0,0.0
63.277,0.0,0.0,0.0,0.0,0.0,0.0
63.302,0.0,0.0,0.0,0.0,0.0,0.0
63.327,0.0,0.0,0.0,0.0,0.0,0.0
63.352,0.0,0.0,0.0,0.0,0.0,0.0
63.377,0.0,0.0,0.0,0.0,0.0,0.0
63.402,0.0,0.0,0.0,0.0,0.0,0.0
63.427,0.0,0.0,0.0,0.0,0.0,0.0
63.452,0.0,0.0,0.0,0.0,0.0,0.0
63.477,0.0,0.0,0.0,0.0,0.0,0.0
63.502,0.0,0.0,0.0,0.0,0.0,0.0
63.527,0.0,0.0,0.0,0.0,0.0,0.0
63.552,0.0,0.0,0.0,0.0,0.0,0.0
63.577,0.0,0.0,0.0,0.0,0.0,0.0
63.602,0.0,0.0,0.0,0.0,0.0,0.0
63.627,0.0,0.0,0.0,0.0,0.0,0.0
63.652,0.0,0.0,0.0,0.0,0.0,0.0
63.677,0.0,0.0,0.0,0.0,0.0,0.0
63.702,0.0,0.0,0.0,0.0,0.0,0.0
63.727,0.0,0.0,0.0,0.0,0.0,0.0
63.752,0.0,0.0,0.0,0.0,0.0,0.0
63.777,0.0,0.0,0.0,0.0,0.0,0.0
63.802,0.0,0.0,0.0,0.0,0.0,0.0
63.827,0.0,0.0,0.0,0.0,0.0,0.0
63.852,0.0,0.0,0.0,0.0,0.0,0.0
63.877,0.0,0.0,0.0,0.0,0.0,0.0
63.902,0.0,0.0,0.0,0.0,0.0,0.0
63.927,0.0,0.0,0.0,0.0,0.0,0.0
63.952,0.0,0.0,0.0,0.0,0.0,0.0
63.977,0.0,0.0,0.0,0.0,0.0,0.0
64.002,0.0,0.0,0.0,0.0,0.0,0.0
64.027,0.0,0.0,0.0,0.0,0.0,0.0
64.052,0.0,0.0,0.0,0.0,0.0,0.0
64.077,0.0,0.0,0.0,0.0,0.0,0.0
64.102,0.0,0.0,0.0,0.0,0.0,0.0
64.127,0.0,0.0,0.0,0.0,0.0,0.0
64.152,0.0,0.0,0.0,0.0,0.0,0.0
64.177,0.0,0.0,0.0,0.0,0.0,0.0
64.202,0.0,0.0,0.0,0.0,0.0,0.0
64.227,0.0,0.0,0.0,0.0,0.0,0.0
64.252,0.0,0.0,0.0,0.0,0.0,0.0
64.277,0.0,0.0,0.0,0.0,0.0,0.0
64.302,0.0,0.0,0.0,0.0,0.0,0.0
64.327,0.0,0.0,0.0,0.0,0.0,0.0
64.352,0.0,0.0,0.0,0.0,0.0,0.0
64.377,0.0,0.0,0.0,0.0,0.0,0.0
64.402,0.0,0.0,0.0,0.0,0.0,0.0
64.427,0.0,0.0,0.0,0.0,0.0,0.0
64.452,0.0,0.0,0.0,0.0,0.0,0.0
64.477,0.0,0.0,0.0,0.0,0.0,0.0
64.502,0.0,0.0,0.0,0.0,0.0,0.0
64.527,0.0,0.0,0.0,0.0,0.0,0.0
64.553,0.0,0.0,0.0,0.0,0.0,0.0
64.578,0.0,0.0,0.0,0.0,0.0,0.0
64.603,0.0,0.0,0.0,0.0,0.0,0.0
64.628,0.0,0.0,0.0,0.0,0.0,0.0
64.653,0.0,0.0,0.0,0.0,0.0,0.0
64.678,0.0,0.0,0.0,0.0,0.0,0.0
64.703,0.0,0.0,0.0,0.0,0.0,0.0
64.728,0.0,0.0,0.0,0.0,0.0,0.0
64.753,0.0,0.0,0.0,0.0,0.0,0.0
64.778,0.0,0.0,0.0,0.0,0.0,0.0
64.804,0.0,0.0,0.0,0.0,0.0,0.0
64.829,0.0,0.0,0.0,0.0,0.0,0.0
64.854,0.0,0.0,0.0,0.0,0.0,0.0
64.879,0.0,0.0,0.0,0.0,0.0,0.0
64.904,0.0,0.0,0.0,0.0,0.0,0.0
64.929,0.0,0.0,0.0,0.0,0.0,0.0
64.954,0.0,0.0,0.0,0.0,0.0,0.0
64.979,0.0,0.0,0.0,0.0,0.0,0.0
65.004,0.0,0.0,0.0,0.0,0.0,0.0
65.029,0.0,0.0,0.0,0